Copyright 1986-2020 Xilinx, Inc. All Rights Reserved.
-----------------------------------------------------------------------------------------------------------------------------------------------------------------------------------------------------------------
| Tool Version : Vivado v.2020.1 (win64) Build 2902540 Wed May 27 19:54:49 MDT 2020
| Date         : Wed Sep 30 14:01:48 2026
| Host         : DESKTOP-4EPIHHE running 64-bit major release  (build 9200)
| Command      : report_timing_summary -max_paths 10 -file top_fsm_system_timing_summary_routed.rpt -pb top_fsm_system_timing_summary_routed.pb -rpx top_fsm_system_timing_summary_routed.rpx -warn_on_violation
| Design       : top_fsm_system
| Device       : 7a35t-cpg236
| Speed File   : -1  PRODUCTION 1.23 2018-06-13
-----------------------------------------------------------------------------------------------------------------------------------------------------------------------------------------------------------------

Timing Summary Report

------------------------------------------------------------------------------------------------
| Timer Settings
| --------------
------------------------------------------------------------------------------------------------

  Enable Multi Corner Analysis               :  Yes
  Enable Pessimism Removal                   :  Yes
  Pessimism Removal Resolution               :  Nearest Common Node
  Enable Input Delay Default Clock           :  No
  Enable Preset / Clear Arcs                 :  No
  Disable Flight Delays                      :  No
  Ignore I/O Paths                           :  No
  Timing Early Launch at Borrowing Latches   :  No
  Borrow Time for Max Delay Exceptions       :  Yes
  Merge Timing Exceptions                    :  Yes

  Corner  Analyze    Analyze    
  Name    Max Paths  Min Paths  
  ------  ---------  ---------  
  Slow    Yes        Yes        
  Fast    Yes        Yes        



check_timing report

Table of Contents
-----------------
1. checking no_clock (33)
2. checking constant_clock (0)
3. checking pulse_width_clock (0)
4. checking unconstrained_internal_endpoints (98)
5. checking no_input_delay (17)
6. checking no_output_delay (16)
7. checking multiple_clock (0)
8. checking generated_clocks (0)
9. checking loops (0)
10. checking partial_input_delay (0)
11. checking partial_output_delay (0)
12. checking latch_loops (0)

1. checking no_clock (33)
-------------------------
 There are 33 register/latch pins with no clock driven by root clock pin: ticker/clk_out_reg/Q (HIGH)


2. checking constant_clock (0)
------------------------------
 There are 0 register/latch pins with constant_clock.


3. checking pulse_width_clock (0)
---------------------------------
 There are 0 register/latch pins which need pulse_width check


4. checking unconstrained_internal_endpoints (98)
-------------------------------------------------
 There are 98 pins that are not constrained for maximum delay. (HIGH)

 There are 0 pins that are not constrained for maximum delay due to constant clock.


5. checking no_input_delay (17)
-------------------------------
 There are 17 input ports with no input delay specified. (HIGH)

 There are 0 input ports with no input delay but user has a false path constraint.


6. checking no_output_delay (16)
--------------------------------
 There are 16 ports with no output delay specified. (HIGH)

 There are 0 ports with no output delay but user has a false path constraint

 There are 0 ports with no output delay but with a timing clock defined on it or propagating through it


7. checking multiple_clock (0)
------------------------------
 There are 0 register/latch pins with multiple clocks.


8. checking generated_clocks (0)
--------------------------------
 There are 0 generated clocks that are not connected to a clock source.


9. checking loops (0)
---------------------
 There are 0 combinational loops in the design.


10. checking partial_input_delay (0)
------------------------------------
 There are 0 input ports with partial input delay specified.


11. checking partial_output_delay (0)
-------------------------------------
 There are 0 ports with partial output delay specified.


12. checking latch_loops (0)
----------------------------
 There are 0 combinational latch loops in the design through latch input



------------------------------------------------------------------------------------------------
| Design Timing Summary
| ---------------------
------------------------------------------------------------------------------------------------

    WNS(ns)      TNS(ns)  TNS Failing Endpoints  TNS Total Endpoints      WHS(ns)      THS(ns)  THS Failing Endpoints  THS Total Endpoints     WPWS(ns)     TPWS(ns)  TPWS Failing Endpoints  TPWS Total Endpoints  
    -------      -------  ---------------------  -------------------      -------      -------  ---------------------  -------------------     --------     --------  ----------------------  --------------------  
      5.322        0.000                      0                  128        0.275        0.000                      0                  128        4.500        0.000                       0                    83  


All user specified timing constraints are met.


------------------------------------------------------------------------------------------------
| Clock Summary
| -------------
------------------------------------------------------------------------------------------------

Clock        Waveform(ns)       Period(ns)      Frequency(MHz)
-----        ------------       ----------      --------------
sys_clk_pin  {0.000 5.000}      10.000          100.000         


------------------------------------------------------------------------------------------------
| Intra Clock Table
| -----------------
------------------------------------------------------------------------------------------------

Clock             WNS(ns)      TNS(ns)  TNS Failing Endpoints  TNS Total Endpoints      WHS(ns)      THS(ns)  THS Failing Endpoints  THS Total Endpoints     WPWS(ns)     TPWS(ns)  TPWS Failing Endpoints  TPWS Total Endpoints  
-----             -------      -------  ---------------------  -------------------      -------      -------  ---------------------  -------------------     --------     --------  ----------------------  --------------------  
sys_clk_pin         5.322        0.000                      0                   69        0.275        0.000                      0                   69        4.500        0.000                       0                    83  


------------------------------------------------------------------------------------------------
| Inter Clock Table
| -----------------
------------------------------------------------------------------------------------------------

From Clock    To Clock          WNS(ns)      TNS(ns)  TNS Failing Endpoints  TNS Total Endpoints      WHS(ns)      THS(ns)  THS Failing Endpoints  THS Total Endpoints  
----------    --------          -------      -------  ---------------------  -------------------      -------      -------  ---------------------  -------------------  


------------------------------------------------------------------------------------------------
| Other Path Groups Table
| -----------------------
------------------------------------------------------------------------------------------------

Path Group         From Clock         To Clock               WNS(ns)      TNS(ns)  TNS Failing Endpoints  TNS Total Endpoints      WHS(ns)      THS(ns)  THS Failing Endpoints  THS Total Endpoints  
----------         ----------         --------               -------      -------  ---------------------  -------------------      -------      -------  ---------------------  -------------------  
**async_default**  sys_clk_pin        sys_clk_pin              7.299        0.000                      0                   59        0.377        0.000                      0                   59  


------------------------------------------------------------------------------------------------
| Timing Details
| --------------
------------------------------------------------------------------------------------------------


---------------------------------------------------------------------------------------------------
From Clock:  sys_clk_pin
  To Clock:  sys_clk_pin

Setup :            0  Failing Endpoints,  Worst Slack        5.322ns,  Total Violation        0.000ns
Hold  :            0  Failing Endpoints,  Worst Slack        0.275ns,  Total Violation        0.000ns
PW    :            0  Failing Endpoints,  Worst Slack        4.500ns,  Total Violation        0.000ns
---------------------------------------------------------------------------------------------------


Max Delay Paths
--------------------------------------------------------------------------------------
Slack (MET) :             5.322ns  (required time - arrival time)
  Source:                 ticker/count_reg[2]/C
                            (rising edge-triggered cell FDCE clocked by sys_clk_pin  {rise@0.000ns fall@5.000ns period=10.000ns})
  Destination:            ticker/count_reg[25]/D
                            (rising edge-triggered cell FDCE clocked by sys_clk_pin  {rise@0.000ns fall@5.000ns period=10.000ns})
  Path Group:             sys_clk_pin
  Path Type:              Setup (Max at Slow Process Corner)
  Requirement:            10.000ns  (sys_clk_pin rise@10.000ns - sys_clk_pin rise@0.000ns)
  Data Path Delay:        4.682ns  (logic 2.258ns (48.230%)  route 2.424ns (51.770%))
  Logic Levels:           10  (CARRY4=7 LUT4=1 LUT6=2)
  Clock Path Skew:        -0.023ns (DCD - SCD + CPR)
    Destination Clock Delay (DCD):    4.787ns = ( 14.787 - 10.000 ) 
    Source Clock Delay      (SCD):    5.085ns
    Clock Pessimism Removal (CPR):    0.275ns
  Clock Uncertainty:      0.035ns  ((TSJ^2 + TIJ^2)^1/2 + DJ) / 2 + PE
    Total System Jitter     (TSJ):    0.071ns
    Total Input Jitter      (TIJ):    0.000ns
    Discrete Jitter          (DJ):    0.000ns
    Phase Error              (PE):    0.000ns

    Location             Delay type                Incr(ns)  Path(ns)    Netlist Resource(s)
  -------------------------------------------------------------------    -------------------
                         (clock sys_clk_pin rise edge)
                                                      0.000     0.000 r  
    W5                                                0.000     0.000 r  clk (IN)
                         net (fo=0)                   0.000     0.000    clk
    W5                   IBUF (Prop_ibuf_I_O)         1.458     1.458 r  clk_IBUF_inst/O
                         net (fo=1, routed)           1.967     3.425    clk_IBUF
    BUFGCTRL_X0Y0        BUFG (Prop_bufg_I_O)         0.096     3.521 r  clk_IBUF_BUFG_inst/O
                         net (fo=82, routed)          1.564     5.085    ticker/CLK
    SLICE_X37Y42         FDCE                                         r  ticker/count_reg[2]/C
  -------------------------------------------------------------------    -------------------
    SLICE_X37Y42         FDCE (Prop_fdce_C_Q)         0.456     5.541 f  ticker/count_reg[2]/Q
                         net (fo=2, routed)           0.859     6.400    ticker/count_reg[2]
    SLICE_X36Y42         LUT4 (Prop_lut4_I0_O)        0.124     6.524 r  ticker/clk_out_i_7/O
                         net (fo=1, routed)           0.798     7.323    ticker/clk_out_i_7_n_0
    SLICE_X36Y44         LUT6 (Prop_lut6_I5_O)        0.124     7.447 f  ticker/clk_out_i_2/O
                         net (fo=26, routed)          0.577     8.024    ticker/clk_out_i_2_n_0
    SLICE_X36Y42         LUT6 (Prop_lut6_I2_O)        0.124     8.148 r  ticker/count[0]_i_2/O
                         net (fo=1, routed)           0.189     8.337    ticker/count[0]_i_2_n_0
    SLICE_X37Y42         CARRY4 (Prop_carry4_DI[0]_CO[3])
                                                      0.526     8.863 r  ticker/count_reg[0]_i_1/CO[3]
                         net (fo=1, routed)           0.000     8.863    ticker/count_reg[0]_i_1_n_0
    SLICE_X37Y43         CARRY4 (Prop_carry4_CI_CO[3])
                                                      0.114     8.977 r  ticker/count_reg[4]_i_1__0/CO[3]
                         net (fo=1, routed)           0.000     8.977    ticker/count_reg[4]_i_1__0_n_0
    SLICE_X37Y44         CARRY4 (Prop_carry4_CI_CO[3])
                                                      0.114     9.091 r  ticker/count_reg[8]_i_1__0/CO[3]
                         net (fo=1, routed)           0.000     9.091    ticker/count_reg[8]_i_1__0_n_0
    SLICE_X37Y45         CARRY4 (Prop_carry4_CI_CO[3])
                                                      0.114     9.205 r  ticker/count_reg[12]_i_1__0/CO[3]
                         net (fo=1, routed)           0.000     9.205    ticker/count_reg[12]_i_1__0_n_0
    SLICE_X37Y46         CARRY4 (Prop_carry4_CI_CO[3])
                                                      0.114     9.319 r  ticker/count_reg[16]_i_1__0/CO[3]
                         net (fo=1, routed)           0.000     9.319    ticker/count_reg[16]_i_1__0_n_0
    SLICE_X37Y47         CARRY4 (Prop_carry4_CI_CO[3])
                                                      0.114     9.433 r  ticker/count_reg[20]_i_1/CO[3]
                         net (fo=1, routed)           0.000     9.433    ticker/count_reg[20]_i_1_n_0
    SLICE_X37Y48         CARRY4 (Prop_carry4_CI_O[1])
                                                      0.334     9.767 r  ticker/count_reg[24]_i_1/O[1]
                         net (fo=1, routed)           0.000     9.767    ticker/count_reg[24]_i_1_n_6
    SLICE_X37Y48         FDCE                                         r  ticker/count_reg[25]/D
  -------------------------------------------------------------------    -------------------

                         (clock sys_clk_pin rise edge)
                                                     10.000    10.000 r  
    W5                                                0.000    10.000 r  clk (IN)
                         net (fo=0)                   0.000    10.000    clk
    W5                   IBUF (Prop_ibuf_I_O)         1.388    11.388 r  clk_IBUF_inst/O
                         net (fo=1, routed)           1.862    13.250    clk_IBUF
    BUFGCTRL_X0Y0        BUFG (Prop_bufg_I_O)         0.091    13.341 r  clk_IBUF_BUFG_inst/O
                         net (fo=82, routed)          1.446    14.787    ticker/CLK
    SLICE_X37Y48         FDCE                                         r  ticker/count_reg[25]/C
                         clock pessimism              0.275    15.062    
                         clock uncertainty           -0.035    15.027    
    SLICE_X37Y48         FDCE (Setup_fdce_C_D)        0.062    15.089    ticker/count_reg[25]
  -------------------------------------------------------------------
                         required time                         15.089    
                         arrival time                          -9.767    
  -------------------------------------------------------------------
                         slack                                  5.322    

Slack (MET) :             5.433ns  (required time - arrival time)
  Source:                 ticker/count_reg[2]/C
                            (rising edge-triggered cell FDCE clocked by sys_clk_pin  {rise@0.000ns fall@5.000ns period=10.000ns})
  Destination:            ticker/count_reg[24]/D
                            (rising edge-triggered cell FDCE clocked by sys_clk_pin  {rise@0.000ns fall@5.000ns period=10.000ns})
  Path Group:             sys_clk_pin
  Path Type:              Setup (Max at Slow Process Corner)
  Requirement:            10.000ns  (sys_clk_pin rise@10.000ns - sys_clk_pin rise@0.000ns)
  Data Path Delay:        4.571ns  (logic 2.147ns (46.973%)  route 2.424ns (53.027%))
  Logic Levels:           10  (CARRY4=7 LUT4=1 LUT6=2)
  Clock Path Skew:        -0.023ns (DCD - SCD + CPR)
    Destination Clock Delay (DCD):    4.787ns = ( 14.787 - 10.000 ) 
    Source Clock Delay      (SCD):    5.085ns
    Clock Pessimism Removal (CPR):    0.275ns
  Clock Uncertainty:      0.035ns  ((TSJ^2 + TIJ^2)^1/2 + DJ) / 2 + PE
    Total System Jitter     (TSJ):    0.071ns
    Total Input Jitter      (TIJ):    0.000ns
    Discrete Jitter          (DJ):    0.000ns
    Phase Error              (PE):    0.000ns

    Location             Delay type                Incr(ns)  Path(ns)    Netlist Resource(s)
  -------------------------------------------------------------------    -------------------
                         (clock sys_clk_pin rise edge)
                                                      0.000     0.000 r  
    W5                                                0.000     0.000 r  clk (IN)
                         net (fo=0)                   0.000     0.000    clk
    W5                   IBUF (Prop_ibuf_I_O)         1.458     1.458 r  clk_IBUF_inst/O
                         net (fo=1, routed)           1.967     3.425    clk_IBUF
    BUFGCTRL_X0Y0        BUFG (Prop_bufg_I_O)         0.096     3.521 r  clk_IBUF_BUFG_inst/O
                         net (fo=82, routed)          1.564     5.085    ticker/CLK
    SLICE_X37Y42         FDCE                                         r  ticker/count_reg[2]/C
  -------------------------------------------------------------------    -------------------
    SLICE_X37Y42         FDCE (Prop_fdce_C_Q)         0.456     5.541 f  ticker/count_reg[2]/Q
                         net (fo=2, routed)           0.859     6.400    ticker/count_reg[2]
    SLICE_X36Y42         LUT4 (Prop_lut4_I0_O)        0.124     6.524 r  ticker/clk_out_i_7/O
                         net (fo=1, routed)           0.798     7.323    ticker/clk_out_i_7_n_0
    SLICE_X36Y44         LUT6 (Prop_lut6_I5_O)        0.124     7.447 f  ticker/clk_out_i_2/O
                         net (fo=26, routed)          0.577     8.024    ticker/clk_out_i_2_n_0
    SLICE_X36Y42         LUT6 (Prop_lut6_I2_O)        0.124     8.148 r  ticker/count[0]_i_2/O
                         net (fo=1, routed)           0.189     8.337    ticker/count[0]_i_2_n_0
    SLICE_X37Y42         CARRY4 (Prop_carry4_DI[0]_CO[3])
                                                      0.526     8.863 r  ticker/count_reg[0]_i_1/CO[3]
                         net (fo=1, routed)           0.000     8.863    ticker/count_reg[0]_i_1_n_0
    SLICE_X37Y43         CARRY4 (Prop_carry4_CI_CO[3])
                                                      0.114     8.977 r  ticker/count_reg[4]_i_1__0/CO[3]
                         net (fo=1, routed)           0.000     8.977    ticker/count_reg[4]_i_1__0_n_0
    SLICE_X37Y44         CARRY4 (Prop_carry4_CI_CO[3])
                                                      0.114     9.091 r  ticker/count_reg[8]_i_1__0/CO[3]
                         net (fo=1, routed)           0.000     9.091    ticker/count_reg[8]_i_1__0_n_0
    SLICE_X37Y45         CARRY4 (Prop_carry4_CI_CO[3])
                                                      0.114     9.205 r  ticker/count_reg[12]_i_1__0/CO[3]
                         net (fo=1, routed)           0.000     9.205    ticker/count_reg[12]_i_1__0_n_0
    SLICE_X37Y46         CARRY4 (Prop_carry4_CI_CO[3])
                                                      0.114     9.319 r  ticker/count_reg[16]_i_1__0/CO[3]
                         net (fo=1, routed)           0.000     9.319    ticker/count_reg[16]_i_1__0_n_0
    SLICE_X37Y47         CARRY4 (Prop_carry4_CI_CO[3])
                                                      0.114     9.433 r  ticker/count_reg[20]_i_1/CO[3]
                         net (fo=1, routed)           0.000     9.433    ticker/count_reg[20]_i_1_n_0
    SLICE_X37Y48         CARRY4 (Prop_carry4_CI_O[0])
                                                      0.223     9.656 r  ticker/count_reg[24]_i_1/O[0]
                         net (fo=1, routed)           0.000     9.656    ticker/count_reg[24]_i_1_n_7
    SLICE_X37Y48         FDCE                                         r  ticker/count_reg[24]/D
  -------------------------------------------------------------------    -------------------

                         (clock sys_clk_pin rise edge)
                                                     10.000    10.000 r  
    W5                                                0.000    10.000 r  clk (IN)
                         net (fo=0)                   0.000    10.000    clk
    W5                   IBUF (Prop_ibuf_I_O)         1.388    11.388 r  clk_IBUF_inst/O
                         net (fo=1, routed)           1.862    13.250    clk_IBUF
    BUFGCTRL_X0Y0        BUFG (Prop_bufg_I_O)         0.091    13.341 r  clk_IBUF_BUFG_inst/O
                         net (fo=82, routed)          1.446    14.787    ticker/CLK
    SLICE_X37Y48         FDCE                                         r  ticker/count_reg[24]/C
                         clock pessimism              0.275    15.062    
                         clock uncertainty           -0.035    15.027    
    SLICE_X37Y48         FDCE (Setup_fdce_C_D)        0.062    15.089    ticker/count_reg[24]
  -------------------------------------------------------------------
                         required time                         15.089    
                         arrival time                          -9.656    
  -------------------------------------------------------------------
                         slack                                  5.433    

Slack (MET) :             5.436ns  (required time - arrival time)
  Source:                 ticker/count_reg[2]/C
                            (rising edge-triggered cell FDCE clocked by sys_clk_pin  {rise@0.000ns fall@5.000ns period=10.000ns})
  Destination:            ticker/count_reg[21]/D
                            (rising edge-triggered cell FDCE clocked by sys_clk_pin  {rise@0.000ns fall@5.000ns period=10.000ns})
  Path Group:             sys_clk_pin
  Path Type:              Setup (Max at Slow Process Corner)
  Requirement:            10.000ns  (sys_clk_pin rise@10.000ns - sys_clk_pin rise@0.000ns)
  Data Path Delay:        4.568ns  (logic 2.144ns (46.938%)  route 2.424ns (53.062%))
  Logic Levels:           9  (CARRY4=6 LUT4=1 LUT6=2)
  Clock Path Skew:        -0.023ns (DCD - SCD + CPR)
    Destination Clock Delay (DCD):    4.787ns = ( 14.787 - 10.000 ) 
    Source Clock Delay      (SCD):    5.085ns
    Clock Pessimism Removal (CPR):    0.275ns
  Clock Uncertainty:      0.035ns  ((TSJ^2 + TIJ^2)^1/2 + DJ) / 2 + PE
    Total System Jitter     (TSJ):    0.071ns
    Total Input Jitter      (TIJ):    0.000ns
    Discrete Jitter          (DJ):    0.000ns
    Phase Error              (PE):    0.000ns

    Location             Delay type                Incr(ns)  Path(ns)    Netlist Resource(s)
  -------------------------------------------------------------------    -------------------
                         (clock sys_clk_pin rise edge)
                                                      0.000     0.000 r  
    W5                                                0.000     0.000 r  clk (IN)
                         net (fo=0)                   0.000     0.000    clk
    W5                   IBUF (Prop_ibuf_I_O)         1.458     1.458 r  clk_IBUF_inst/O
                         net (fo=1, routed)           1.967     3.425    clk_IBUF
    BUFGCTRL_X0Y0        BUFG (Prop_bufg_I_O)         0.096     3.521 r  clk_IBUF_BUFG_inst/O
                         net (fo=82, routed)          1.564     5.085    ticker/CLK
    SLICE_X37Y42         FDCE                                         r  ticker/count_reg[2]/C
  -------------------------------------------------------------------    -------------------
    SLICE_X37Y42         FDCE (Prop_fdce_C_Q)         0.456     5.541 f  ticker/count_reg[2]/Q
                         net (fo=2, routed)           0.859     6.400    ticker/count_reg[2]
    SLICE_X36Y42         LUT4 (Prop_lut4_I0_O)        0.124     6.524 r  ticker/clk_out_i_7/O
                         net (fo=1, routed)           0.798     7.323    ticker/clk_out_i_7_n_0
    SLICE_X36Y44         LUT6 (Prop_lut6_I5_O)        0.124     7.447 f  ticker/clk_out_i_2/O
                         net (fo=26, routed)          0.577     8.024    ticker/clk_out_i_2_n_0
    SLICE_X36Y42         LUT6 (Prop_lut6_I2_O)        0.124     8.148 r  ticker/count[0]_i_2/O
                         net (fo=1, routed)           0.189     8.337    ticker/count[0]_i_2_n_0
    SLICE_X37Y42         CARRY4 (Prop_carry4_DI[0]_CO[3])
                                                      0.526     8.863 r  ticker/count_reg[0]_i_1/CO[3]
                         net (fo=1, routed)           0.000     8.863    ticker/count_reg[0]_i_1_n_0
    SLICE_X37Y43         CARRY4 (Prop_carry4_CI_CO[3])
                                                      0.114     8.977 r  ticker/count_reg[4]_i_1__0/CO[3]
                         net (fo=1, routed)           0.000     8.977    ticker/count_reg[4]_i_1__0_n_0
    SLICE_X37Y44         CARRY4 (Prop_carry4_CI_CO[3])
                                                      0.114     9.091 r  ticker/count_reg[8]_i_1__0/CO[3]
                         net (fo=1, routed)           0.000     9.091    ticker/count_reg[8]_i_1__0_n_0
    SLICE_X37Y45         CARRY4 (Prop_carry4_CI_CO[3])
                                                      0.114     9.205 r  ticker/count_reg[12]_i_1__0/CO[3]
                         net (fo=1, routed)           0.000     9.205    ticker/count_reg[12]_i_1__0_n_0
    SLICE_X37Y46         CARRY4 (Prop_carry4_CI_CO[3])
                                                      0.114     9.319 r  ticker/count_reg[16]_i_1__0/CO[3]
                         net (fo=1, routed)           0.000     9.319    ticker/count_reg[16]_i_1__0_n_0
    SLICE_X37Y47         CARRY4 (Prop_carry4_CI_O[1])
                                                      0.334     9.653 r  ticker/count_reg[20]_i_1/O[1]
                         net (fo=1, routed)           0.000     9.653    ticker/count_reg[20]_i_1_n_6
    SLICE_X37Y47         FDCE                                         r  ticker/count_reg[21]/D
  -------------------------------------------------------------------    -------------------

                         (clock sys_clk_pin rise edge)
                                                     10.000    10.000 r  
    W5                                                0.000    10.000 r  clk (IN)
                         net (fo=0)                   0.000    10.000    clk
    W5                   IBUF (Prop_ibuf_I_O)         1.388    11.388 r  clk_IBUF_inst/O
                         net (fo=1, routed)           1.862    13.250    clk_IBUF
    BUFGCTRL_X0Y0        BUFG (Prop_bufg_I_O)         0.091    13.341 r  clk_IBUF_BUFG_inst/O
                         net (fo=82, routed)          1.446    14.787    ticker/CLK
    SLICE_X37Y47         FDCE                                         r  ticker/count_reg[21]/C
                         clock pessimism              0.275    15.062    
                         clock uncertainty           -0.035    15.027    
    SLICE_X37Y47         FDCE (Setup_fdce_C_D)        0.062    15.089    ticker/count_reg[21]
  -------------------------------------------------------------------
                         required time                         15.089    
                         arrival time                          -9.653    
  -------------------------------------------------------------------
                         slack                                  5.436    

Slack (MET) :             5.457ns  (required time - arrival time)
  Source:                 ticker/count_reg[2]/C
                            (rising edge-triggered cell FDCE clocked by sys_clk_pin  {rise@0.000ns fall@5.000ns period=10.000ns})
  Destination:            ticker/count_reg[23]/D
                            (rising edge-triggered cell FDCE clocked by sys_clk_pin  {rise@0.000ns fall@5.000ns period=10.000ns})
  Path Group:             sys_clk_pin
  Path Type:              Setup (Max at Slow Process Corner)
  Requirement:            10.000ns  (sys_clk_pin rise@10.000ns - sys_clk_pin rise@0.000ns)
  Data Path Delay:        4.547ns  (logic 2.123ns (46.693%)  route 2.424ns (53.307%))
  Logic Levels:           9  (CARRY4=6 LUT4=1 LUT6=2)
  Clock Path Skew:        -0.023ns (DCD - SCD + CPR)
    Destination Clock Delay (DCD):    4.787ns = ( 14.787 - 10.000 ) 
    Source Clock Delay      (SCD):    5.085ns
    Clock Pessimism Removal (CPR):    0.275ns
  Clock Uncertainty:      0.035ns  ((TSJ^2 + TIJ^2)^1/2 + DJ) / 2 + PE
    Total System Jitter     (TSJ):    0.071ns
    Total Input Jitter      (TIJ):    0.000ns
    Discrete Jitter          (DJ):    0.000ns
    Phase Error              (PE):    0.000ns

    Location             Delay type                Incr(ns)  Path(ns)    Netlist Resource(s)
  -------------------------------------------------------------------    -------------------
                         (clock sys_clk_pin rise edge)
                                                      0.000     0.000 r  
    W5                                                0.000     0.000 r  clk (IN)
                         net (fo=0)                   0.000     0.000    clk
    W5                   IBUF (Prop_ibuf_I_O)         1.458     1.458 r  clk_IBUF_inst/O
                         net (fo=1, routed)           1.967     3.425    clk_IBUF
    BUFGCTRL_X0Y0        BUFG (Prop_bufg_I_O)         0.096     3.521 r  clk_IBUF_BUFG_inst/O
                         net (fo=82, routed)          1.564     5.085    ticker/CLK
    SLICE_X37Y42         FDCE                                         r  ticker/count_reg[2]/C
  -------------------------------------------------------------------    -------------------
    SLICE_X37Y42         FDCE (Prop_fdce_C_Q)         0.456     5.541 f  ticker/count_reg[2]/Q
                         net (fo=2, routed)           0.859     6.400    ticker/count_reg[2]
    SLICE_X36Y42         LUT4 (Prop_lut4_I0_O)        0.124     6.524 r  ticker/clk_out_i_7/O
                         net (fo=1, routed)           0.798     7.323    ticker/clk_out_i_7_n_0
    SLICE_X36Y44         LUT6 (Prop_lut6_I5_O)        0.124     7.447 f  ticker/clk_out_i_2/O
                         net (fo=26, routed)          0.577     8.024    ticker/clk_out_i_2_n_0
    SLICE_X36Y42         LUT6 (Prop_lut6_I2_O)        0.124     8.148 r  ticker/count[0]_i_2/O
                         net (fo=1, routed)           0.189     8.337    ticker/count[0]_i_2_n_0
    SLICE_X37Y42         CARRY4 (Prop_carry4_DI[0]_CO[3])
                                                      0.526     8.863 r  ticker/count_reg[0]_i_1/CO[3]
                         net (fo=1, routed)           0.000     8.863    ticker/count_reg[0]_i_1_n_0
    SLICE_X37Y43         CARRY4 (Prop_carry4_CI_CO[3])
                                                      0.114     8.977 r  ticker/count_reg[4]_i_1__0/CO[3]
                         net (fo=1, routed)           0.000     8.977    ticker/count_reg[4]_i_1__0_n_0
    SLICE_X37Y44         CARRY4 (Prop_carry4_CI_CO[3])
                                                      0.114     9.091 r  ticker/count_reg[8]_i_1__0/CO[3]
                         net (fo=1, routed)           0.000     9.091    ticker/count_reg[8]_i_1__0_n_0
    SLICE_X37Y45         CARRY4 (Prop_carry4_CI_CO[3])
                                                      0.114     9.205 r  ticker/count_reg[12]_i_1__0/CO[3]
                         net (fo=1, routed)           0.000     9.205    ticker/count_reg[12]_i_1__0_n_0
    SLICE_X37Y46         CARRY4 (Prop_carry4_CI_CO[3])
                                                      0.114     9.319 r  ticker/count_reg[16]_i_1__0/CO[3]
                         net (fo=1, routed)           0.000     9.319    ticker/count_reg[16]_i_1__0_n_0
    SLICE_X37Y47         CARRY4 (Prop_carry4_CI_O[3])
                                                      0.313     9.632 r  ticker/count_reg[20]_i_1/O[3]
                         net (fo=1, routed)           0.000     9.632    ticker/count_reg[20]_i_1_n_4
    SLICE_X37Y47         FDCE                                         r  ticker/count_reg[23]/D
  -------------------------------------------------------------------    -------------------

                         (clock sys_clk_pin rise edge)
                                                     10.000    10.000 r  
    W5                                                0.000    10.000 r  clk (IN)
                         net (fo=0)                   0.000    10.000    clk
    W5                   IBUF (Prop_ibuf_I_O)         1.388    11.388 r  clk_IBUF_inst/O
                         net (fo=1, routed)           1.862    13.250    clk_IBUF
    BUFGCTRL_X0Y0        BUFG (Prop_bufg_I_O)         0.091    13.341 r  clk_IBUF_BUFG_inst/O
                         net (fo=82, routed)          1.446    14.787    ticker/CLK
    SLICE_X37Y47         FDCE                                         r  ticker/count_reg[23]/C
                         clock pessimism              0.275    15.062    
                         clock uncertainty           -0.035    15.027    
    SLICE_X37Y47         FDCE (Setup_fdce_C_D)        0.062    15.089    ticker/count_reg[23]
  -------------------------------------------------------------------
                         required time                         15.089    
                         arrival time                          -9.632    
  -------------------------------------------------------------------
                         slack                                  5.457    

Slack (MET) :             5.531ns  (required time - arrival time)
  Source:                 ticker/count_reg[2]/C
                            (rising edge-triggered cell FDCE clocked by sys_clk_pin  {rise@0.000ns fall@5.000ns period=10.000ns})
  Destination:            ticker/count_reg[22]/D
                            (rising edge-triggered cell FDCE clocked by sys_clk_pin  {rise@0.000ns fall@5.000ns period=10.000ns})
  Path Group:             sys_clk_pin
  Path Type:              Setup (Max at Slow Process Corner)
  Requirement:            10.000ns  (sys_clk_pin rise@10.000ns - sys_clk_pin rise@0.000ns)
  Data Path Delay:        4.473ns  (logic 2.049ns (45.811%)  route 2.424ns (54.189%))
  Logic Levels:           9  (CARRY4=6 LUT4=1 LUT6=2)
  Clock Path Skew:        -0.023ns (DCD - SCD + CPR)
    Destination Clock Delay (DCD):    4.787ns = ( 14.787 - 10.000 ) 
    Source Clock Delay      (SCD):    5.085ns
    Clock Pessimism Removal (CPR):    0.275ns
  Clock Uncertainty:      0.035ns  ((TSJ^2 + TIJ^2)^1/2 + DJ) / 2 + PE
    Total System Jitter     (TSJ):    0.071ns
    Total Input Jitter      (TIJ):    0.000ns
    Discrete Jitter          (DJ):    0.000ns
    Phase Error              (PE):    0.000ns

    Location             Delay type                Incr(ns)  Path(ns)    Netlist Resource(s)
  -------------------------------------------------------------------    -------------------
                         (clock sys_clk_pin rise edge)
                                                      0.000     0.000 r  
    W5                                                0.000     0.000 r  clk (IN)
                         net (fo=0)                   0.000     0.000    clk
    W5                   IBUF (Prop_ibuf_I_O)         1.458     1.458 r  clk_IBUF_inst/O
                         net (fo=1, routed)           1.967     3.425    clk_IBUF
    BUFGCTRL_X0Y0        BUFG (Prop_bufg_I_O)         0.096     3.521 r  clk_IBUF_BUFG_inst/O
                         net (fo=82, routed)          1.564     5.085    ticker/CLK
    SLICE_X37Y42         FDCE                                         r  ticker/count_reg[2]/C
  -------------------------------------------------------------------    -------------------
    SLICE_X37Y42         FDCE (Prop_fdce_C_Q)         0.456     5.541 f  ticker/count_reg[2]/Q
                         net (fo=2, routed)           0.859     6.400    ticker/count_reg[2]
    SLICE_X36Y42         LUT4 (Prop_lut4_I0_O)        0.124     6.524 r  ticker/clk_out_i_7/O
                         net (fo=1, routed)           0.798     7.323    ticker/clk_out_i_7_n_0
    SLICE_X36Y44         LUT6 (Prop_lut6_I5_O)        0.124     7.447 f  ticker/clk_out_i_2/O
                         net (fo=26, routed)          0.577     8.024    ticker/clk_out_i_2_n_0
    SLICE_X36Y42         LUT6 (Prop_lut6_I2_O)        0.124     8.148 r  ticker/count[0]_i_2/O
                         net (fo=1, routed)           0.189     8.337    ticker/count[0]_i_2_n_0
    SLICE_X37Y42         CARRY4 (Prop_carry4_DI[0]_CO[3])
                                                      0.526     8.863 r  ticker/count_reg[0]_i_1/CO[3]
                         net (fo=1, routed)           0.000     8.863    ticker/count_reg[0]_i_1_n_0
    SLICE_X37Y43         CARRY4 (Prop_carry4_CI_CO[3])
                                                      0.114     8.977 r  ticker/count_reg[4]_i_1__0/CO[3]
                         net (fo=1, routed)           0.000     8.977    ticker/count_reg[4]_i_1__0_n_0
    SLICE_X37Y44         CARRY4 (Prop_carry4_CI_CO[3])
                                                      0.114     9.091 r  ticker/count_reg[8]_i_1__0/CO[3]
                         net (fo=1, routed)           0.000     9.091    ticker/count_reg[8]_i_1__0_n_0
    SLICE_X37Y45         CARRY4 (Prop_carry4_CI_CO[3])
                                                      0.114     9.205 r  ticker/count_reg[12]_i_1__0/CO[3]
                         net (fo=1, routed)           0.000     9.205    ticker/count_reg[12]_i_1__0_n_0
    SLICE_X37Y46         CARRY4 (Prop_carry4_CI_CO[3])
                                                      0.114     9.319 r  ticker/count_reg[16]_i_1__0/CO[3]
                         net (fo=1, routed)           0.000     9.319    ticker/count_reg[16]_i_1__0_n_0
    SLICE_X37Y47         CARRY4 (Prop_carry4_CI_O[2])
                                                      0.239     9.558 r  ticker/count_reg[20]_i_1/O[2]
                         net (fo=1, routed)           0.000     9.558    ticker/count_reg[20]_i_1_n_5
    SLICE_X37Y47         FDCE                                         r  ticker/count_reg[22]/D
  -------------------------------------------------------------------    -------------------

                         (clock sys_clk_pin rise edge)
                                                     10.000    10.000 r  
    W5                                                0.000    10.000 r  clk (IN)
                         net (fo=0)                   0.000    10.000    clk
    W5                   IBUF (Prop_ibuf_I_O)         1.388    11.388 r  clk_IBUF_inst/O
                         net (fo=1, routed)           1.862    13.250    clk_IBUF
    BUFGCTRL_X0Y0        BUFG (Prop_bufg_I_O)         0.091    13.341 r  clk_IBUF_BUFG_inst/O
                         net (fo=82, routed)          1.446    14.787    ticker/CLK
    SLICE_X37Y47         FDCE                                         r  ticker/count_reg[22]/C
                         clock pessimism              0.275    15.062    
                         clock uncertainty           -0.035    15.027    
    SLICE_X37Y47         FDCE (Setup_fdce_C_D)        0.062    15.089    ticker/count_reg[22]
  -------------------------------------------------------------------
                         required time                         15.089    
                         arrival time                          -9.558    
  -------------------------------------------------------------------
                         slack                                  5.531    

Slack (MET) :             5.547ns  (required time - arrival time)
  Source:                 ticker/count_reg[2]/C
                            (rising edge-triggered cell FDCE clocked by sys_clk_pin  {rise@0.000ns fall@5.000ns period=10.000ns})
  Destination:            ticker/count_reg[20]/D
                            (rising edge-triggered cell FDCE clocked by sys_clk_pin  {rise@0.000ns fall@5.000ns period=10.000ns})
  Path Group:             sys_clk_pin
  Path Type:              Setup (Max at Slow Process Corner)
  Requirement:            10.000ns  (sys_clk_pin rise@10.000ns - sys_clk_pin rise@0.000ns)
  Data Path Delay:        4.457ns  (logic 2.033ns (45.616%)  route 2.424ns (54.384%))
  Logic Levels:           9  (CARRY4=6 LUT4=1 LUT6=2)
  Clock Path Skew:        -0.023ns (DCD - SCD + CPR)
    Destination Clock Delay (DCD):    4.787ns = ( 14.787 - 10.000 ) 
    Source Clock Delay      (SCD):    5.085ns
    Clock Pessimism Removal (CPR):    0.275ns
  Clock Uncertainty:      0.035ns  ((TSJ^2 + TIJ^2)^1/2 + DJ) / 2 + PE
    Total System Jitter     (TSJ):    0.071ns
    Total Input Jitter      (TIJ):    0.000ns
    Discrete Jitter          (DJ):    0.000ns
    Phase Error              (PE):    0.000ns

    Location             Delay type                Incr(ns)  Path(ns)    Netlist Resource(s)
  -------------------------------------------------------------------    -------------------
                         (clock sys_clk_pin rise edge)
                                                      0.000     0.000 r  
    W5                                                0.000     0.000 r  clk (IN)
                         net (fo=0)                   0.000     0.000    clk
    W5                   IBUF (Prop_ibuf_I_O)         1.458     1.458 r  clk_IBUF_inst/O
                         net (fo=1, routed)           1.967     3.425    clk_IBUF
    BUFGCTRL_X0Y0        BUFG (Prop_bufg_I_O)         0.096     3.521 r  clk_IBUF_BUFG_inst/O
                         net (fo=82, routed)          1.564     5.085    ticker/CLK
    SLICE_X37Y42         FDCE                                         r  ticker/count_reg[2]/C
  -------------------------------------------------------------------    -------------------
    SLICE_X37Y42         FDCE (Prop_fdce_C_Q)         0.456     5.541 f  ticker/count_reg[2]/Q
                         net (fo=2, routed)           0.859     6.400    ticker/count_reg[2]
    SLICE_X36Y42         LUT4 (Prop_lut4_I0_O)        0.124     6.524 r  ticker/clk_out_i_7/O
                         net (fo=1, routed)           0.798     7.323    ticker/clk_out_i_7_n_0
    SLICE_X36Y44         LUT6 (Prop_lut6_I5_O)        0.124     7.447 f  ticker/clk_out_i_2/O
                         net (fo=26, routed)          0.577     8.024    ticker/clk_out_i_2_n_0
    SLICE_X36Y42         LUT6 (Prop_lut6_I2_O)        0.124     8.148 r  ticker/count[0]_i_2/O
                         net (fo=1, routed)           0.189     8.337    ticker/count[0]_i_2_n_0
    SLICE_X37Y42         CARRY4 (Prop_carry4_DI[0]_CO[3])
                                                      0.526     8.863 r  ticker/count_reg[0]_i_1/CO[3]
                         net (fo=1, routed)           0.000     8.863    ticker/count_reg[0]_i_1_n_0
    SLICE_X37Y43         CARRY4 (Prop_carry4_CI_CO[3])
                                                      0.114     8.977 r  ticker/count_reg[4]_i_1__0/CO[3]
                         net (fo=1, routed)           0.000     8.977    ticker/count_reg[4]_i_1__0_n_0
    SLICE_X37Y44         CARRY4 (Prop_carry4_CI_CO[3])
                                                      0.114     9.091 r  ticker/count_reg[8]_i_1__0/CO[3]
                         net (fo=1, routed)           0.000     9.091    ticker/count_reg[8]_i_1__0_n_0
    SLICE_X37Y45         CARRY4 (Prop_carry4_CI_CO[3])
                                                      0.114     9.205 r  ticker/count_reg[12]_i_1__0/CO[3]
                         net (fo=1, routed)           0.000     9.205    ticker/count_reg[12]_i_1__0_n_0
    SLICE_X37Y46         CARRY4 (Prop_carry4_CI_CO[3])
                                                      0.114     9.319 r  ticker/count_reg[16]_i_1__0/CO[3]
                         net (fo=1, routed)           0.000     9.319    ticker/count_reg[16]_i_1__0_n_0
    SLICE_X37Y47         CARRY4 (Prop_carry4_CI_O[0])
                                                      0.223     9.542 r  ticker/count_reg[20]_i_1/O[0]
                         net (fo=1, routed)           0.000     9.542    ticker/count_reg[20]_i_1_n_7
    SLICE_X37Y47         FDCE                                         r  ticker/count_reg[20]/D
  -------------------------------------------------------------------    -------------------

                         (clock sys_clk_pin rise edge)
                                                     10.000    10.000 r  
    W5                                                0.000    10.000 r  clk (IN)
                         net (fo=0)                   0.000    10.000    clk
    W5                   IBUF (Prop_ibuf_I_O)         1.388    11.388 r  clk_IBUF_inst/O
                         net (fo=1, routed)           1.862    13.250    clk_IBUF
    BUFGCTRL_X0Y0        BUFG (Prop_bufg_I_O)         0.091    13.341 r  clk_IBUF_BUFG_inst/O
                         net (fo=82, routed)          1.446    14.787    ticker/CLK
    SLICE_X37Y47         FDCE                                         r  ticker/count_reg[20]/C
                         clock pessimism              0.275    15.062    
                         clock uncertainty           -0.035    15.027    
    SLICE_X37Y47         FDCE (Setup_fdce_C_D)        0.062    15.089    ticker/count_reg[20]
  -------------------------------------------------------------------
                         required time                         15.089    
                         arrival time                          -9.542    
  -------------------------------------------------------------------
                         slack                                  5.547    

Slack (MET) :             5.549ns  (required time - arrival time)
  Source:                 ticker/count_reg[2]/C
                            (rising edge-triggered cell FDCE clocked by sys_clk_pin  {rise@0.000ns fall@5.000ns period=10.000ns})
  Destination:            ticker/count_reg[17]/D
                            (rising edge-triggered cell FDCE clocked by sys_clk_pin  {rise@0.000ns fall@5.000ns period=10.000ns})
  Path Group:             sys_clk_pin
  Path Type:              Setup (Max at Slow Process Corner)
  Requirement:            10.000ns  (sys_clk_pin rise@10.000ns - sys_clk_pin rise@0.000ns)
  Data Path Delay:        4.454ns  (logic 2.030ns (45.580%)  route 2.424ns (54.420%))
  Logic Levels:           8  (CARRY4=5 LUT4=1 LUT6=2)
  Clock Path Skew:        -0.024ns (DCD - SCD + CPR)
    Destination Clock Delay (DCD):    4.786ns = ( 14.786 - 10.000 ) 
    Source Clock Delay      (SCD):    5.085ns
    Clock Pessimism Removal (CPR):    0.275ns
  Clock Uncertainty:      0.035ns  ((TSJ^2 + TIJ^2)^1/2 + DJ) / 2 + PE
    Total System Jitter     (TSJ):    0.071ns
    Total Input Jitter      (TIJ):    0.000ns
    Discrete Jitter          (DJ):    0.000ns
    Phase Error              (PE):    0.000ns

    Location             Delay type                Incr(ns)  Path(ns)    Netlist Resource(s)
  -------------------------------------------------------------------    -------------------
                         (clock sys_clk_pin rise edge)
                                                      0.000     0.000 r  
    W5                                                0.000     0.000 r  clk (IN)
                         net (fo=0)                   0.000     0.000    clk
    W5                   IBUF (Prop_ibuf_I_O)         1.458     1.458 r  clk_IBUF_inst/O
                         net (fo=1, routed)           1.967     3.425    clk_IBUF
    BUFGCTRL_X0Y0        BUFG (Prop_bufg_I_O)         0.096     3.521 r  clk_IBUF_BUFG_inst/O
                         net (fo=82, routed)          1.564     5.085    ticker/CLK
    SLICE_X37Y42         FDCE                                         r  ticker/count_reg[2]/C
  -------------------------------------------------------------------    -------------------
    SLICE_X37Y42         FDCE (Prop_fdce_C_Q)         0.456     5.541 f  ticker/count_reg[2]/Q
                         net (fo=2, routed)           0.859     6.400    ticker/count_reg[2]
    SLICE_X36Y42         LUT4 (Prop_lut4_I0_O)        0.124     6.524 r  ticker/clk_out_i_7/O
                         net (fo=1, routed)           0.798     7.323    ticker/clk_out_i_7_n_0
    SLICE_X36Y44         LUT6 (Prop_lut6_I5_O)        0.124     7.447 f  ticker/clk_out_i_2/O
                         net (fo=26, routed)          0.577     8.024    ticker/clk_out_i_2_n_0
    SLICE_X36Y42         LUT6 (Prop_lut6_I2_O)        0.124     8.148 r  ticker/count[0]_i_2/O
                         net (fo=1, routed)           0.189     8.337    ticker/count[0]_i_2_n_0
    SLICE_X37Y42         CARRY4 (Prop_carry4_DI[0]_CO[3])
                                                      0.526     8.863 r  ticker/count_reg[0]_i_1/CO[3]
                         net (fo=1, routed)           0.000     8.863    ticker/count_reg[0]_i_1_n_0
    SLICE_X37Y43         CARRY4 (Prop_carry4_CI_CO[3])
                                                      0.114     8.977 r  ticker/count_reg[4]_i_1__0/CO[3]
                         net (fo=1, routed)           0.000     8.977    ticker/count_reg[4]_i_1__0_n_0
    SLICE_X37Y44         CARRY4 (Prop_carry4_CI_CO[3])
                                                      0.114     9.091 r  ticker/count_reg[8]_i_1__0/CO[3]
                         net (fo=1, routed)           0.000     9.091    ticker/count_reg[8]_i_1__0_n_0
    SLICE_X37Y45         CARRY4 (Prop_carry4_CI_CO[3])
                                                      0.114     9.205 r  ticker/count_reg[12]_i_1__0/CO[3]
                         net (fo=1, routed)           0.000     9.205    ticker/count_reg[12]_i_1__0_n_0
    SLICE_X37Y46         CARRY4 (Prop_carry4_CI_O[1])
                                                      0.334     9.539 r  ticker/count_reg[16]_i_1__0/O[1]
                         net (fo=1, routed)           0.000     9.539    ticker/count_reg[16]_i_1__0_n_6
    SLICE_X37Y46         FDCE                                         r  ticker/count_reg[17]/D
  -------------------------------------------------------------------    -------------------

                         (clock sys_clk_pin rise edge)
                                                     10.000    10.000 r  
    W5                                                0.000    10.000 r  clk (IN)
                         net (fo=0)                   0.000    10.000    clk
    W5                   IBUF (Prop_ibuf_I_O)         1.388    11.388 r  clk_IBUF_inst/O
                         net (fo=1, routed)           1.862    13.250    clk_IBUF
    BUFGCTRL_X0Y0        BUFG (Prop_bufg_I_O)         0.091    13.341 r  clk_IBUF_BUFG_inst/O
                         net (fo=82, routed)          1.445    14.786    ticker/CLK
    SLICE_X37Y46         FDCE                                         r  ticker/count_reg[17]/C
                         clock pessimism              0.275    15.061    
                         clock uncertainty           -0.035    15.026    
    SLICE_X37Y46         FDCE (Setup_fdce_C_D)        0.062    15.088    ticker/count_reg[17]
  -------------------------------------------------------------------
                         required time                         15.088    
                         arrival time                          -9.539    
  -------------------------------------------------------------------
                         slack                                  5.549    

Slack (MET) :             5.570ns  (required time - arrival time)
  Source:                 ticker/count_reg[2]/C
                            (rising edge-triggered cell FDCE clocked by sys_clk_pin  {rise@0.000ns fall@5.000ns period=10.000ns})
  Destination:            ticker/count_reg[19]/D
                            (rising edge-triggered cell FDCE clocked by sys_clk_pin  {rise@0.000ns fall@5.000ns period=10.000ns})
  Path Group:             sys_clk_pin
  Path Type:              Setup (Max at Slow Process Corner)
  Requirement:            10.000ns  (sys_clk_pin rise@10.000ns - sys_clk_pin rise@0.000ns)
  Data Path Delay:        4.433ns  (logic 2.009ns (45.322%)  route 2.424ns (54.678%))
  Logic Levels:           8  (CARRY4=5 LUT4=1 LUT6=2)
  Clock Path Skew:        -0.024ns (DCD - SCD + CPR)
    Destination Clock Delay (DCD):    4.786ns = ( 14.786 - 10.000 ) 
    Source Clock Delay      (SCD):    5.085ns
    Clock Pessimism Removal (CPR):    0.275ns
  Clock Uncertainty:      0.035ns  ((TSJ^2 + TIJ^2)^1/2 + DJ) / 2 + PE
    Total System Jitter     (TSJ):    0.071ns
    Total Input Jitter      (TIJ):    0.000ns
    Discrete Jitter          (DJ):    0.000ns
    Phase Error              (PE):    0.000ns

    Location             Delay type                Incr(ns)  Path(ns)    Netlist Resource(s)
  -------------------------------------------------------------------    -------------------
                         (clock sys_clk_pin rise edge)
                                                      0.000     0.000 r  
    W5                                                0.000     0.000 r  clk (IN)
                         net (fo=0)                   0.000     0.000    clk
    W5                   IBUF (Prop_ibuf_I_O)         1.458     1.458 r  clk_IBUF_inst/O
                         net (fo=1, routed)           1.967     3.425    clk_IBUF
    BUFGCTRL_X0Y0        BUFG (Prop_bufg_I_O)         0.096     3.521 r  clk_IBUF_BUFG_inst/O
                         net (fo=82, routed)          1.564     5.085    ticker/CLK
    SLICE_X37Y42         FDCE                                         r  ticker/count_reg[2]/C
  -------------------------------------------------------------------    -------------------
    SLICE_X37Y42         FDCE (Prop_fdce_C_Q)         0.456     5.541 f  ticker/count_reg[2]/Q
                         net (fo=2, routed)           0.859     6.400    ticker/count_reg[2]
    SLICE_X36Y42         LUT4 (Prop_lut4_I0_O)        0.124     6.524 r  ticker/clk_out_i_7/O
                         net (fo=1, routed)           0.798     7.323    ticker/clk_out_i_7_n_0
    SLICE_X36Y44         LUT6 (Prop_lut6_I5_O)        0.124     7.447 f  ticker/clk_out_i_2/O
                         net (fo=26, routed)          0.577     8.024    ticker/clk_out_i_2_n_0
    SLICE_X36Y42         LUT6 (Prop_lut6_I2_O)        0.124     8.148 r  ticker/count[0]_i_2/O
                         net (fo=1, routed)           0.189     8.337    ticker/count[0]_i_2_n_0
    SLICE_X37Y42         CARRY4 (Prop_carry4_DI[0]_CO[3])
                                                      0.526     8.863 r  ticker/count_reg[0]_i_1/CO[3]
                         net (fo=1, routed)           0.000     8.863    ticker/count_reg[0]_i_1_n_0
    SLICE_X37Y43         CARRY4 (Prop_carry4_CI_CO[3])
                                                      0.114     8.977 r  ticker/count_reg[4]_i_1__0/CO[3]
                         net (fo=1, routed)           0.000     8.977    ticker/count_reg[4]_i_1__0_n_0
    SLICE_X37Y44         CARRY4 (Prop_carry4_CI_CO[3])
                                                      0.114     9.091 r  ticker/count_reg[8]_i_1__0/CO[3]
                         net (fo=1, routed)           0.000     9.091    ticker/count_reg[8]_i_1__0_n_0
    SLICE_X37Y45         CARRY4 (Prop_carry4_CI_CO[3])
                                                      0.114     9.205 r  ticker/count_reg[12]_i_1__0/CO[3]
                         net (fo=1, routed)           0.000     9.205    ticker/count_reg[12]_i_1__0_n_0
    SLICE_X37Y46         CARRY4 (Prop_carry4_CI_O[3])
                                                      0.313     9.518 r  ticker/count_reg[16]_i_1__0/O[3]
                         net (fo=1, routed)           0.000     9.518    ticker/count_reg[16]_i_1__0_n_4
    SLICE_X37Y46         FDCE                                         r  ticker/count_reg[19]/D
  -------------------------------------------------------------------    -------------------

                         (clock sys_clk_pin rise edge)
                                                     10.000    10.000 r  
    W5                                                0.000    10.000 r  clk (IN)
                         net (fo=0)                   0.000    10.000    clk
    W5                   IBUF (Prop_ibuf_I_O)         1.388    11.388 r  clk_IBUF_inst/O
                         net (fo=1, routed)           1.862    13.250    clk_IBUF
    BUFGCTRL_X0Y0        BUFG (Prop_bufg_I_O)         0.091    13.341 r  clk_IBUF_BUFG_inst/O
                         net (fo=82, routed)          1.445    14.786    ticker/CLK
    SLICE_X37Y46         FDCE                                         r  ticker/count_reg[19]/C
                         clock pessimism              0.275    15.061    
                         clock uncertainty           -0.035    15.026    
    SLICE_X37Y46         FDCE (Setup_fdce_C_D)        0.062    15.088    ticker/count_reg[19]
  -------------------------------------------------------------------
                         required time                         15.088    
                         arrival time                          -9.518    
  -------------------------------------------------------------------
                         slack                                  5.570    

Slack (MET) :             5.644ns  (required time - arrival time)
  Source:                 ticker/count_reg[2]/C
                            (rising edge-triggered cell FDCE clocked by sys_clk_pin  {rise@0.000ns fall@5.000ns period=10.000ns})
  Destination:            ticker/count_reg[18]/D
                            (rising edge-triggered cell FDCE clocked by sys_clk_pin  {rise@0.000ns fall@5.000ns period=10.000ns})
  Path Group:             sys_clk_pin
  Path Type:              Setup (Max at Slow Process Corner)
  Requirement:            10.000ns  (sys_clk_pin rise@10.000ns - sys_clk_pin rise@0.000ns)
  Data Path Delay:        4.359ns  (logic 1.935ns (44.393%)  route 2.424ns (55.607%))
  Logic Levels:           8  (CARRY4=5 LUT4=1 LUT6=2)
  Clock Path Skew:        -0.024ns (DCD - SCD + CPR)
    Destination Clock Delay (DCD):    4.786ns = ( 14.786 - 10.000 ) 
    Source Clock Delay      (SCD):    5.085ns
    Clock Pessimism Removal (CPR):    0.275ns
  Clock Uncertainty:      0.035ns  ((TSJ^2 + TIJ^2)^1/2 + DJ) / 2 + PE
    Total System Jitter     (TSJ):    0.071ns
    Total Input Jitter      (TIJ):    0.000ns
    Discrete Jitter          (DJ):    0.000ns
    Phase Error              (PE):    0.000ns

    Location             Delay type                Incr(ns)  Path(ns)    Netlist Resource(s)
  -------------------------------------------------------------------    -------------------
                         (clock sys_clk_pin rise edge)
                                                      0.000     0.000 r  
    W5                                                0.000     0.000 r  clk (IN)
                         net (fo=0)                   0.000     0.000    clk
    W5                   IBUF (Prop_ibuf_I_O)         1.458     1.458 r  clk_IBUF_inst/O
                         net (fo=1, routed)           1.967     3.425    clk_IBUF
    BUFGCTRL_X0Y0        BUFG (Prop_bufg_I_O)         0.096     3.521 r  clk_IBUF_BUFG_inst/O
                         net (fo=82, routed)          1.564     5.085    ticker/CLK
    SLICE_X37Y42         FDCE                                         r  ticker/count_reg[2]/C
  -------------------------------------------------------------------    -------------------
    SLICE_X37Y42         FDCE (Prop_fdce_C_Q)         0.456     5.541 f  ticker/count_reg[2]/Q
                         net (fo=2, routed)           0.859     6.400    ticker/count_reg[2]
    SLICE_X36Y42         LUT4 (Prop_lut4_I0_O)        0.124     6.524 r  ticker/clk_out_i_7/O
                         net (fo=1, routed)           0.798     7.323    ticker/clk_out_i_7_n_0
    SLICE_X36Y44         LUT6 (Prop_lut6_I5_O)        0.124     7.447 f  ticker/clk_out_i_2/O
                         net (fo=26, routed)          0.577     8.024    ticker/clk_out_i_2_n_0
    SLICE_X36Y42         LUT6 (Prop_lut6_I2_O)        0.124     8.148 r  ticker/count[0]_i_2/O
                         net (fo=1, routed)           0.189     8.337    ticker/count[0]_i_2_n_0
    SLICE_X37Y42         CARRY4 (Prop_carry4_DI[0]_CO[3])
                                                      0.526     8.863 r  ticker/count_reg[0]_i_1/CO[3]
                         net (fo=1, routed)           0.000     8.863    ticker/count_reg[0]_i_1_n_0
    SLICE_X37Y43         CARRY4 (Prop_carry4_CI_CO[3])
                                                      0.114     8.977 r  ticker/count_reg[4]_i_1__0/CO[3]
                         net (fo=1, routed)           0.000     8.977    ticker/count_reg[4]_i_1__0_n_0
    SLICE_X37Y44         CARRY4 (Prop_carry4_CI_CO[3])
                                                      0.114     9.091 r  ticker/count_reg[8]_i_1__0/CO[3]
                         net (fo=1, routed)           0.000     9.091    ticker/count_reg[8]_i_1__0_n_0
    SLICE_X37Y45         CARRY4 (Prop_carry4_CI_CO[3])
                                                      0.114     9.205 r  ticker/count_reg[12]_i_1__0/CO[3]
                         net (fo=1, routed)           0.000     9.205    ticker/count_reg[12]_i_1__0_n_0
    SLICE_X37Y46         CARRY4 (Prop_carry4_CI_O[2])
                                                      0.239     9.444 r  ticker/count_reg[16]_i_1__0/O[2]
                         net (fo=1, routed)           0.000     9.444    ticker/count_reg[16]_i_1__0_n_5
    SLICE_X37Y46         FDCE                                         r  ticker/count_reg[18]/D
  -------------------------------------------------------------------    -------------------

                         (clock sys_clk_pin rise edge)
                                                     10.000    10.000 r  
    W5                                                0.000    10.000 r  clk (IN)
                         net (fo=0)                   0.000    10.000    clk
    W5                   IBUF (Prop_ibuf_I_O)         1.388    11.388 r  clk_IBUF_inst/O
                         net (fo=1, routed)           1.862    13.250    clk_IBUF
    BUFGCTRL_X0Y0        BUFG (Prop_bufg_I_O)         0.091    13.341 r  clk_IBUF_BUFG_inst/O
                         net (fo=82, routed)          1.445    14.786    ticker/CLK
    SLICE_X37Y46         FDCE                                         r  ticker/count_reg[18]/C
                         clock pessimism              0.275    15.061    
                         clock uncertainty           -0.035    15.026    
    SLICE_X37Y46         FDCE (Setup_fdce_C_D)        0.062    15.088    ticker/count_reg[18]
  -------------------------------------------------------------------
                         required time                         15.088    
                         arrival time                          -9.444    
  -------------------------------------------------------------------
                         slack                                  5.644    

Slack (MET) :             5.660ns  (required time - arrival time)
  Source:                 ticker/count_reg[2]/C
                            (rising edge-triggered cell FDCE clocked by sys_clk_pin  {rise@0.000ns fall@5.000ns period=10.000ns})
  Destination:            ticker/count_reg[16]/D
                            (rising edge-triggered cell FDCE clocked by sys_clk_pin  {rise@0.000ns fall@5.000ns period=10.000ns})
  Path Group:             sys_clk_pin
  Path Type:              Setup (Max at Slow Process Corner)
  Requirement:            10.000ns  (sys_clk_pin rise@10.000ns - sys_clk_pin rise@0.000ns)
  Data Path Delay:        4.343ns  (logic 1.919ns (44.189%)  route 2.424ns (55.811%))
  Logic Levels:           8  (CARRY4=5 LUT4=1 LUT6=2)
  Clock Path Skew:        -0.024ns (DCD - SCD + CPR)
    Destination Clock Delay (DCD):    4.786ns = ( 14.786 - 10.000 ) 
    Source Clock Delay      (SCD):    5.085ns
    Clock Pessimism Removal (CPR):    0.275ns
  Clock Uncertainty:      0.035ns  ((TSJ^2 + TIJ^2)^1/2 + DJ) / 2 + PE
    Total System Jitter     (TSJ):    0.071ns
    Total Input Jitter      (TIJ):    0.000ns
    Discrete Jitter          (DJ):    0.000ns
    Phase Error              (PE):    0.000ns

    Location             Delay type                Incr(ns)  Path(ns)    Netlist Resource(s)
  -------------------------------------------------------------------    -------------------
                         (clock sys_clk_pin rise edge)
                                                      0.000     0.000 r  
    W5                                                0.000     0.000 r  clk (IN)
                         net (fo=0)                   0.000     0.000    clk
    W5                   IBUF (Prop_ibuf_I_O)         1.458     1.458 r  clk_IBUF_inst/O
                         net (fo=1, routed)           1.967     3.425    clk_IBUF
    BUFGCTRL_X0Y0        BUFG (Prop_bufg_I_O)         0.096     3.521 r  clk_IBUF_BUFG_inst/O
                         net (fo=82, routed)          1.564     5.085    ticker/CLK
    SLICE_X37Y42         FDCE                                         r  ticker/count_reg[2]/C
  -------------------------------------------------------------------    -------------------
    SLICE_X37Y42         FDCE (Prop_fdce_C_Q)         0.456     5.541 f  ticker/count_reg[2]/Q
                         net (fo=2, routed)           0.859     6.400    ticker/count_reg[2]
    SLICE_X36Y42         LUT4 (Prop_lut4_I0_O)        0.124     6.524 r  ticker/clk_out_i_7/O
                         net (fo=1, routed)           0.798     7.323    ticker/clk_out_i_7_n_0
    SLICE_X36Y44         LUT6 (Prop_lut6_I5_O)        0.124     7.447 f  ticker/clk_out_i_2/O
                         net (fo=26, routed)          0.577     8.024    ticker/clk_out_i_2_n_0
    SLICE_X36Y42         LUT6 (Prop_lut6_I2_O)        0.124     8.148 r  ticker/count[0]_i_2/O
                         net (fo=1, routed)           0.189     8.337    ticker/count[0]_i_2_n_0
    SLICE_X37Y42         CARRY4 (Prop_carry4_DI[0]_CO[3])
                                                      0.526     8.863 r  ticker/count_reg[0]_i_1/CO[3]
                         net (fo=1, routed)           0.000     8.863    ticker/count_reg[0]_i_1_n_0
    SLICE_X37Y43         CARRY4 (Prop_carry4_CI_CO[3])
                                                      0.114     8.977 r  ticker/count_reg[4]_i_1__0/CO[3]
                         net (fo=1, routed)           0.000     8.977    ticker/count_reg[4]_i_1__0_n_0
    SLICE_X37Y44         CARRY4 (Prop_carry4_CI_CO[3])
                                                      0.114     9.091 r  ticker/count_reg[8]_i_1__0/CO[3]
                         net (fo=1, routed)           0.000     9.091    ticker/count_reg[8]_i_1__0_n_0
    SLICE_X37Y45         CARRY4 (Prop_carry4_CI_CO[3])
                                                      0.114     9.205 r  ticker/count_reg[12]_i_1__0/CO[3]
                         net (fo=1, routed)           0.000     9.205    ticker/count_reg[12]_i_1__0_n_0
    SLICE_X37Y46         CARRY4 (Prop_carry4_CI_O[0])
                                                      0.223     9.428 r  ticker/count_reg[16]_i_1__0/O[0]
                         net (fo=1, routed)           0.000     9.428    ticker/count_reg[16]_i_1__0_n_7
    SLICE_X37Y46         FDCE                                         r  ticker/count_reg[16]/D
  -------------------------------------------------------------------    -------------------

                         (clock sys_clk_pin rise edge)
                                                     10.000    10.000 r  
    W5                                                0.000    10.000 r  clk (IN)
                         net (fo=0)                   0.000    10.000    clk
    W5                   IBUF (Prop_ibuf_I_O)         1.388    11.388 r  clk_IBUF_inst/O
                         net (fo=1, routed)           1.862    13.250    clk_IBUF
    BUFGCTRL_X0Y0        BUFG (Prop_bufg_I_O)         0.091    13.341 r  clk_IBUF_BUFG_inst/O
                         net (fo=82, routed)          1.445    14.786    ticker/CLK
    SLICE_X37Y46         FDCE                                         r  ticker/count_reg[16]/C
                         clock pessimism              0.275    15.061    
                         clock uncertainty           -0.035    15.026    
    SLICE_X37Y46         FDCE (Setup_fdce_C_D)        0.062    15.088    ticker/count_reg[16]
  -------------------------------------------------------------------
                         required time                         15.088    
                         arrival time                          -9.428    
  -------------------------------------------------------------------
                         slack                                  5.660    





Min Delay Paths
--------------------------------------------------------------------------------------
Slack (MET) :             0.275ns  (arrival time - required time)
  Source:                 rst_db_inst/pbout_reg/C
                            (rising edge-triggered cell FDRE clocked by sys_clk_pin  {rise@0.000ns fall@5.000ns period=10.000ns})
  Destination:            rst_db_inst/pbout_reg/D
                            (rising edge-triggered cell FDRE clocked by sys_clk_pin  {rise@0.000ns fall@5.000ns period=10.000ns})
  Path Group:             sys_clk_pin
  Path Type:              Hold (Min at Fast Process Corner)
  Requirement:            0.000ns  (sys_clk_pin rise@0.000ns - sys_clk_pin rise@0.000ns)
  Data Path Delay:        0.366ns  (logic 0.186ns (50.768%)  route 0.180ns (49.232%))
  Logic Levels:           1  (LUT3=1)
  Clock Path Skew:        0.000ns (DCD - SCD - CPR)
    Destination Clock Delay (DCD):    1.959ns
    Source Clock Delay      (SCD):    1.446ns
    Clock Pessimism Removal (CPR):    0.513ns

    Location             Delay type                Incr(ns)  Path(ns)    Netlist Resource(s)
  -------------------------------------------------------------------    -------------------
                         (clock sys_clk_pin rise edge)
                                                      0.000     0.000 r  
    W5                                                0.000     0.000 r  clk (IN)
                         net (fo=0)                   0.000     0.000    clk
    W5                   IBUF (Prop_ibuf_I_O)         0.226     0.226 r  clk_IBUF_inst/O
                         net (fo=1, routed)           0.631     0.858    clk_IBUF
    BUFGCTRL_X0Y0        BUFG (Prop_bufg_I_O)         0.026     0.884 r  clk_IBUF_BUFG_inst/O
                         net (fo=82, routed)          0.563     1.446    rst_db_inst/CLK
    SLICE_X33Y43         FDRE                                         r  rst_db_inst/pbout_reg/C
  -------------------------------------------------------------------    -------------------
    SLICE_X33Y43         FDRE (Prop_fdre_C_Q)         0.141     1.587 r  rst_db_inst/pbout_reg/Q
                         net (fo=94, routed)          0.180     1.768    rst_db_inst/rst
    SLICE_X33Y43         LUT3 (Prop_lut3_I1_O)        0.045     1.813 r  rst_db_inst/pbout_i_1/O
                         net (fo=1, routed)           0.000     1.813    rst_db_inst/pbout_i_1_n_0
    SLICE_X33Y43         FDRE                                         r  rst_db_inst/pbout_reg/D
  -------------------------------------------------------------------    -------------------

                         (clock sys_clk_pin rise edge)
                                                      0.000     0.000 r  
    W5                                                0.000     0.000 r  clk (IN)
                         net (fo=0)                   0.000     0.000    clk
    W5                   IBUF (Prop_ibuf_I_O)         0.414     0.414 r  clk_IBUF_inst/O
                         net (fo=1, routed)           0.685     1.099    clk_IBUF
    BUFGCTRL_X0Y0        BUFG (Prop_bufg_I_O)         0.029     1.128 r  clk_IBUF_BUFG_inst/O
                         net (fo=82, routed)          0.832     1.959    rst_db_inst/CLK
    SLICE_X33Y43         FDRE                                         r  rst_db_inst/pbout_reg/C
                         clock pessimism             -0.513     1.446    
    SLICE_X33Y43         FDRE (Hold_fdre_C_D)         0.091     1.537    rst_db_inst/pbout_reg
  -------------------------------------------------------------------
                         required time                         -1.537    
                         arrival time                           1.813    
  -------------------------------------------------------------------
                         slack                                  0.275    

Slack (MET) :             0.280ns  (arrival time - required time)
  Source:                 rst_db_inst/count_reg[10]/C
                            (rising edge-triggered cell FDRE clocked by sys_clk_pin  {rise@0.000ns fall@5.000ns period=10.000ns})
  Destination:            rst_db_inst/count_reg[10]/D
                            (rising edge-triggered cell FDRE clocked by sys_clk_pin  {rise@0.000ns fall@5.000ns period=10.000ns})
  Path Group:             sys_clk_pin
  Path Type:              Hold (Min at Fast Process Corner)
  Requirement:            0.000ns  (sys_clk_pin rise@0.000ns - sys_clk_pin rise@0.000ns)
  Data Path Delay:        0.385ns  (logic 0.252ns (65.529%)  route 0.133ns (34.471%))
  Logic Levels:           1  (CARRY4=1)
  Clock Path Skew:        0.000ns (DCD - SCD - CPR)
    Destination Clock Delay (DCD):    1.959ns
    Source Clock Delay      (SCD):    1.446ns
    Clock Pessimism Removal (CPR):    0.513ns

    Location             Delay type                Incr(ns)  Path(ns)    Netlist Resource(s)
  -------------------------------------------------------------------    -------------------
                         (clock sys_clk_pin rise edge)
                                                      0.000     0.000 r  
    W5                                                0.000     0.000 r  clk (IN)
                         net (fo=0)                   0.000     0.000    clk
    W5                   IBUF (Prop_ibuf_I_O)         0.226     0.226 r  clk_IBUF_inst/O
                         net (fo=1, routed)           0.631     0.858    clk_IBUF
    BUFGCTRL_X0Y0        BUFG (Prop_bufg_I_O)         0.026     0.884 r  clk_IBUF_BUFG_inst/O
                         net (fo=82, routed)          0.563     1.446    rst_db_inst/CLK
    SLICE_X32Y43         FDRE                                         r  rst_db_inst/count_reg[10]/C
  -------------------------------------------------------------------    -------------------
    SLICE_X32Y43         FDRE (Prop_fdre_C_Q)         0.141     1.587 r  rst_db_inst/count_reg[10]/Q
                         net (fo=2, routed)           0.133     1.720    rst_db_inst/count_reg[10]
    SLICE_X32Y43         CARRY4 (Prop_carry4_S[2]_O[2])
                                                      0.111     1.831 r  rst_db_inst/count_reg[8]_i_1/O[2]
                         net (fo=1, routed)           0.000     1.831    rst_db_inst/count_reg[8]_i_1_n_5
    SLICE_X32Y43         FDRE                                         r  rst_db_inst/count_reg[10]/D
  -------------------------------------------------------------------    -------------------

                         (clock sys_clk_pin rise edge)
                                                      0.000     0.000 r  
    W5                                                0.000     0.000 r  clk (IN)
                         net (fo=0)                   0.000     0.000    clk
    W5                   IBUF (Prop_ibuf_I_O)         0.414     0.414 r  clk_IBUF_inst/O
                         net (fo=1, routed)           0.685     1.099    clk_IBUF
    BUFGCTRL_X0Y0        BUFG (Prop_bufg_I_O)         0.029     1.128 r  clk_IBUF_BUFG_inst/O
                         net (fo=82, routed)          0.832     1.959    rst_db_inst/CLK
    SLICE_X32Y43         FDRE                                         r  rst_db_inst/count_reg[10]/C
                         clock pessimism             -0.513     1.446    
    SLICE_X32Y43         FDRE (Hold_fdre_C_D)         0.105     1.551    rst_db_inst/count_reg[10]
  -------------------------------------------------------------------
                         required time                         -1.551    
                         arrival time                           1.831    
  -------------------------------------------------------------------
                         slack                                  0.280    

Slack (MET) :             0.280ns  (arrival time - required time)
  Source:                 ticker/clk_out_reg/C
                            (rising edge-triggered cell FDCE clocked by sys_clk_pin  {rise@0.000ns fall@5.000ns period=10.000ns})
  Destination:            ticker/clk_out_reg/D
                            (rising edge-triggered cell FDCE clocked by sys_clk_pin  {rise@0.000ns fall@5.000ns period=10.000ns})
  Path Group:             sys_clk_pin
  Path Type:              Hold (Min at Fast Process Corner)
  Requirement:            0.000ns  (sys_clk_pin rise@0.000ns - sys_clk_pin rise@0.000ns)
  Data Path Delay:        0.371ns  (logic 0.186ns (50.171%)  route 0.185ns (49.829%))
  Logic Levels:           1  (LUT6=1)
  Clock Path Skew:        0.000ns (DCD - SCD - CPR)
    Destination Clock Delay (DCD):    1.959ns
    Source Clock Delay      (SCD):    1.446ns
    Clock Pessimism Removal (CPR):    0.513ns

    Location             Delay type                Incr(ns)  Path(ns)    Netlist Resource(s)
  -------------------------------------------------------------------    -------------------
                         (clock sys_clk_pin rise edge)
                                                      0.000     0.000 r  
    W5                                                0.000     0.000 r  clk (IN)
                         net (fo=0)                   0.000     0.000    clk
    W5                   IBUF (Prop_ibuf_I_O)         0.226     0.226 r  clk_IBUF_inst/O
                         net (fo=1, routed)           0.631     0.858    clk_IBUF
    BUFGCTRL_X0Y0        BUFG (Prop_bufg_I_O)         0.026     0.884 r  clk_IBUF_BUFG_inst/O
                         net (fo=82, routed)          0.563     1.446    ticker/CLK
    SLICE_X36Y46         FDCE                                         r  ticker/clk_out_reg/C
  -------------------------------------------------------------------    -------------------
    SLICE_X36Y46         FDCE (Prop_fdce_C_Q)         0.141     1.587 r  ticker/clk_out_reg/Q
                         net (fo=2, routed)           0.185     1.772    ticker/clk_out_reg_0
    SLICE_X36Y46         LUT6 (Prop_lut6_I5_O)        0.045     1.817 r  ticker/clk_out_i_1/O
                         net (fo=1, routed)           0.000     1.817    ticker/clk_out_i_1_n_0
    SLICE_X36Y46         FDCE                                         r  ticker/clk_out_reg/D
  -------------------------------------------------------------------    -------------------

                         (clock sys_clk_pin rise edge)
                                                      0.000     0.000 r  
    W5                                                0.000     0.000 r  clk (IN)
                         net (fo=0)                   0.000     0.000    clk
    W5                   IBUF (Prop_ibuf_I_O)         0.414     0.414 r  clk_IBUF_inst/O
                         net (fo=1, routed)           0.685     1.099    clk_IBUF
    BUFGCTRL_X0Y0        BUFG (Prop_bufg_I_O)         0.029     1.128 r  clk_IBUF_BUFG_inst/O
                         net (fo=82, routed)          0.832     1.959    ticker/CLK
    SLICE_X36Y46         FDCE                                         r  ticker/clk_out_reg/C
                         clock pessimism             -0.513     1.446    
    SLICE_X36Y46         FDCE (Hold_fdce_C_D)         0.091     1.537    ticker/clk_out_reg
  -------------------------------------------------------------------
                         required time                         -1.537    
                         arrival time                           1.817    
  -------------------------------------------------------------------
                         slack                                  0.280    

Slack (MET) :             0.281ns  (arrival time - required time)
  Source:                 rst_db_inst/count_reg[14]/C
                            (rising edge-triggered cell FDRE clocked by sys_clk_pin  {rise@0.000ns fall@5.000ns period=10.000ns})
  Destination:            rst_db_inst/count_reg[14]/D
                            (rising edge-triggered cell FDRE clocked by sys_clk_pin  {rise@0.000ns fall@5.000ns period=10.000ns})
  Path Group:             sys_clk_pin
  Path Type:              Hold (Min at Fast Process Corner)
  Requirement:            0.000ns  (sys_clk_pin rise@0.000ns - sys_clk_pin rise@0.000ns)
  Data Path Delay:        0.386ns  (logic 0.252ns (65.354%)  route 0.134ns (34.646%))
  Logic Levels:           1  (CARRY4=1)
  Clock Path Skew:        0.000ns (DCD - SCD - CPR)
    Destination Clock Delay (DCD):    1.959ns
    Source Clock Delay      (SCD):    1.446ns
    Clock Pessimism Removal (CPR):    0.513ns

    Location             Delay type                Incr(ns)  Path(ns)    Netlist Resource(s)
  -------------------------------------------------------------------    -------------------
                         (clock sys_clk_pin rise edge)
                                                      0.000     0.000 r  
    W5                                                0.000     0.000 r  clk (IN)
                         net (fo=0)                   0.000     0.000    clk
    W5                   IBUF (Prop_ibuf_I_O)         0.226     0.226 r  clk_IBUF_inst/O
                         net (fo=1, routed)           0.631     0.858    clk_IBUF
    BUFGCTRL_X0Y0        BUFG (Prop_bufg_I_O)         0.026     0.884 r  clk_IBUF_BUFG_inst/O
                         net (fo=82, routed)          0.563     1.446    rst_db_inst/CLK
    SLICE_X32Y44         FDRE                                         r  rst_db_inst/count_reg[14]/C
  -------------------------------------------------------------------    -------------------
    SLICE_X32Y44         FDRE (Prop_fdre_C_Q)         0.141     1.587 r  rst_db_inst/count_reg[14]/Q
                         net (fo=2, routed)           0.134     1.721    rst_db_inst/count_reg[14]
    SLICE_X32Y44         CARRY4 (Prop_carry4_S[2]_O[2])
                                                      0.111     1.832 r  rst_db_inst/count_reg[12]_i_1/O[2]
                         net (fo=1, routed)           0.000     1.832    rst_db_inst/count_reg[12]_i_1_n_5
    SLICE_X32Y44         FDRE                                         r  rst_db_inst/count_reg[14]/D
  -------------------------------------------------------------------    -------------------

                         (clock sys_clk_pin rise edge)
                                                      0.000     0.000 r  
    W5                                                0.000     0.000 r  clk (IN)
                         net (fo=0)                   0.000     0.000    clk
    W5                   IBUF (Prop_ibuf_I_O)         0.414     0.414 r  clk_IBUF_inst/O
                         net (fo=1, routed)           0.685     1.099    clk_IBUF
    BUFGCTRL_X0Y0        BUFG (Prop_bufg_I_O)         0.029     1.128 r  clk_IBUF_BUFG_inst/O
                         net (fo=82, routed)          0.832     1.959    rst_db_inst/CLK
    SLICE_X32Y44         FDRE                                         r  rst_db_inst/count_reg[14]/C
                         clock pessimism             -0.513     1.446    
    SLICE_X32Y44         FDRE (Hold_fdre_C_D)         0.105     1.551    rst_db_inst/count_reg[14]
  -------------------------------------------------------------------
                         required time                         -1.551    
                         arrival time                           1.832    
  -------------------------------------------------------------------
                         slack                                  0.281    

Slack (MET) :             0.281ns  (arrival time - required time)
  Source:                 rst_db_inst/count_reg[6]/C
                            (rising edge-triggered cell FDRE clocked by sys_clk_pin  {rise@0.000ns fall@5.000ns period=10.000ns})
  Destination:            rst_db_inst/count_reg[6]/D
                            (rising edge-triggered cell FDRE clocked by sys_clk_pin  {rise@0.000ns fall@5.000ns period=10.000ns})
  Path Group:             sys_clk_pin
  Path Type:              Hold (Min at Fast Process Corner)
  Requirement:            0.000ns  (sys_clk_pin rise@0.000ns - sys_clk_pin rise@0.000ns)
  Data Path Delay:        0.386ns  (logic 0.252ns (65.354%)  route 0.134ns (34.646%))
  Logic Levels:           1  (CARRY4=1)
  Clock Path Skew:        0.000ns (DCD - SCD - CPR)
    Destination Clock Delay (DCD):    1.958ns
    Source Clock Delay      (SCD):    1.445ns
    Clock Pessimism Removal (CPR):    0.513ns

    Location             Delay type                Incr(ns)  Path(ns)    Netlist Resource(s)
  -------------------------------------------------------------------    -------------------
                         (clock sys_clk_pin rise edge)
                                                      0.000     0.000 r  
    W5                                                0.000     0.000 r  clk (IN)
                         net (fo=0)                   0.000     0.000    clk
    W5                   IBUF (Prop_ibuf_I_O)         0.226     0.226 r  clk_IBUF_inst/O
                         net (fo=1, routed)           0.631     0.858    clk_IBUF
    BUFGCTRL_X0Y0        BUFG (Prop_bufg_I_O)         0.026     0.884 r  clk_IBUF_BUFG_inst/O
                         net (fo=82, routed)          0.562     1.445    rst_db_inst/CLK
    SLICE_X32Y42         FDRE                                         r  rst_db_inst/count_reg[6]/C
  -------------------------------------------------------------------    -------------------
    SLICE_X32Y42         FDRE (Prop_fdre_C_Q)         0.141     1.586 r  rst_db_inst/count_reg[6]/Q
                         net (fo=2, routed)           0.134     1.720    rst_db_inst/count_reg[6]
    SLICE_X32Y42         CARRY4 (Prop_carry4_S[2]_O[2])
                                                      0.111     1.831 r  rst_db_inst/count_reg[4]_i_1/O[2]
                         net (fo=1, routed)           0.000     1.831    rst_db_inst/count_reg[4]_i_1_n_5
    SLICE_X32Y42         FDRE                                         r  rst_db_inst/count_reg[6]/D
  -------------------------------------------------------------------    -------------------

                         (clock sys_clk_pin rise edge)
                                                      0.000     0.000 r  
    W5                                                0.000     0.000 r  clk (IN)
                         net (fo=0)                   0.000     0.000    clk
    W5                   IBUF (Prop_ibuf_I_O)         0.414     0.414 r  clk_IBUF_inst/O
                         net (fo=1, routed)           0.685     1.099    clk_IBUF
    BUFGCTRL_X0Y0        BUFG (Prop_bufg_I_O)         0.029     1.128 r  clk_IBUF_BUFG_inst/O
                         net (fo=82, routed)          0.831     1.958    rst_db_inst/CLK
    SLICE_X32Y42         FDRE                                         r  rst_db_inst/count_reg[6]/C
                         clock pessimism             -0.513     1.445    
    SLICE_X32Y42         FDRE (Hold_fdre_C_D)         0.105     1.550    rst_db_inst/count_reg[6]
  -------------------------------------------------------------------
                         required time                         -1.550    
                         arrival time                           1.831    
  -------------------------------------------------------------------
                         slack                                  0.281    

Slack (MET) :             0.281ns  (arrival time - required time)
  Source:                 rst_db_inst/count_reg[18]/C
                            (rising edge-triggered cell FDRE clocked by sys_clk_pin  {rise@0.000ns fall@5.000ns period=10.000ns})
  Destination:            rst_db_inst/count_reg[18]/D
                            (rising edge-triggered cell FDRE clocked by sys_clk_pin  {rise@0.000ns fall@5.000ns period=10.000ns})
  Path Group:             sys_clk_pin
  Path Type:              Hold (Min at Fast Process Corner)
  Requirement:            0.000ns  (sys_clk_pin rise@0.000ns - sys_clk_pin rise@0.000ns)
  Data Path Delay:        0.386ns  (logic 0.252ns (65.343%)  route 0.134ns (34.657%))
  Logic Levels:           1  (CARRY4=1)
  Clock Path Skew:        0.000ns (DCD - SCD - CPR)
    Destination Clock Delay (DCD):    1.959ns
    Source Clock Delay      (SCD):    1.446ns
    Clock Pessimism Removal (CPR):    0.513ns

    Location             Delay type                Incr(ns)  Path(ns)    Netlist Resource(s)
  -------------------------------------------------------------------    -------------------
                         (clock sys_clk_pin rise edge)
                                                      0.000     0.000 r  
    W5                                                0.000     0.000 r  clk (IN)
                         net (fo=0)                   0.000     0.000    clk
    W5                   IBUF (Prop_ibuf_I_O)         0.226     0.226 r  clk_IBUF_inst/O
                         net (fo=1, routed)           0.631     0.858    clk_IBUF
    BUFGCTRL_X0Y0        BUFG (Prop_bufg_I_O)         0.026     0.884 r  clk_IBUF_BUFG_inst/O
                         net (fo=82, routed)          0.563     1.446    rst_db_inst/CLK
    SLICE_X32Y45         FDRE                                         r  rst_db_inst/count_reg[18]/C
  -------------------------------------------------------------------    -------------------
    SLICE_X32Y45         FDRE (Prop_fdre_C_Q)         0.141     1.587 r  rst_db_inst/count_reg[18]/Q
                         net (fo=2, routed)           0.134     1.721    rst_db_inst/count_reg[18]
    SLICE_X32Y45         CARRY4 (Prop_carry4_S[2]_O[2])
                                                      0.111     1.832 r  rst_db_inst/count_reg[16]_i_1/O[2]
                         net (fo=1, routed)           0.000     1.832    rst_db_inst/count_reg[16]_i_1_n_5
    SLICE_X32Y45         FDRE                                         r  rst_db_inst/count_reg[18]/D
  -------------------------------------------------------------------    -------------------

                         (clock sys_clk_pin rise edge)
                                                      0.000     0.000 r  
    W5                                                0.000     0.000 r  clk (IN)
                         net (fo=0)                   0.000     0.000    clk
    W5                   IBUF (Prop_ibuf_I_O)         0.414     0.414 r  clk_IBUF_inst/O
                         net (fo=1, routed)           0.685     1.099    clk_IBUF
    BUFGCTRL_X0Y0        BUFG (Prop_bufg_I_O)         0.029     1.128 r  clk_IBUF_BUFG_inst/O
                         net (fo=82, routed)          0.832     1.959    rst_db_inst/CLK
    SLICE_X32Y45         FDRE                                         r  rst_db_inst/count_reg[18]/C
                         clock pessimism             -0.513     1.446    
    SLICE_X32Y45         FDRE (Hold_fdre_C_D)         0.105     1.551    rst_db_inst/count_reg[18]
  -------------------------------------------------------------------
                         required time                         -1.551    
                         arrival time                           1.832    
  -------------------------------------------------------------------
                         slack                                  0.281    

Slack (MET) :             0.281ns  (arrival time - required time)
  Source:                 rst_db_inst/count_reg[2]/C
                            (rising edge-triggered cell FDRE clocked by sys_clk_pin  {rise@0.000ns fall@5.000ns period=10.000ns})
  Destination:            rst_db_inst/count_reg[2]/D
                            (rising edge-triggered cell FDRE clocked by sys_clk_pin  {rise@0.000ns fall@5.000ns period=10.000ns})
  Path Group:             sys_clk_pin
  Path Type:              Hold (Min at Fast Process Corner)
  Requirement:            0.000ns  (sys_clk_pin rise@0.000ns - sys_clk_pin rise@0.000ns)
  Data Path Delay:        0.386ns  (logic 0.252ns (65.343%)  route 0.134ns (34.657%))
  Logic Levels:           1  (CARRY4=1)
  Clock Path Skew:        0.000ns (DCD - SCD - CPR)
    Destination Clock Delay (DCD):    1.958ns
    Source Clock Delay      (SCD):    1.445ns
    Clock Pessimism Removal (CPR):    0.513ns

    Location             Delay type                Incr(ns)  Path(ns)    Netlist Resource(s)
  -------------------------------------------------------------------    -------------------
                         (clock sys_clk_pin rise edge)
                                                      0.000     0.000 r  
    W5                                                0.000     0.000 r  clk (IN)
                         net (fo=0)                   0.000     0.000    clk
    W5                   IBUF (Prop_ibuf_I_O)         0.226     0.226 r  clk_IBUF_inst/O
                         net (fo=1, routed)           0.631     0.858    clk_IBUF
    BUFGCTRL_X0Y0        BUFG (Prop_bufg_I_O)         0.026     0.884 r  clk_IBUF_BUFG_inst/O
                         net (fo=82, routed)          0.562     1.445    rst_db_inst/CLK
    SLICE_X32Y41         FDRE                                         r  rst_db_inst/count_reg[2]/C
  -------------------------------------------------------------------    -------------------
    SLICE_X32Y41         FDRE (Prop_fdre_C_Q)         0.141     1.586 r  rst_db_inst/count_reg[2]/Q
                         net (fo=2, routed)           0.134     1.720    rst_db_inst/count_reg[2]
    SLICE_X32Y41         CARRY4 (Prop_carry4_S[2]_O[2])
                                                      0.111     1.831 r  rst_db_inst/count_reg[0]_i_2/O[2]
                         net (fo=1, routed)           0.000     1.831    rst_db_inst/count_reg[0]_i_2_n_5
    SLICE_X32Y41         FDRE                                         r  rst_db_inst/count_reg[2]/D
  -------------------------------------------------------------------    -------------------

                         (clock sys_clk_pin rise edge)
                                                      0.000     0.000 r  
    W5                                                0.000     0.000 r  clk (IN)
                         net (fo=0)                   0.000     0.000    clk
    W5                   IBUF (Prop_ibuf_I_O)         0.414     0.414 r  clk_IBUF_inst/O
                         net (fo=1, routed)           0.685     1.099    clk_IBUF
    BUFGCTRL_X0Y0        BUFG (Prop_bufg_I_O)         0.029     1.128 r  clk_IBUF_BUFG_inst/O
                         net (fo=82, routed)          0.831     1.958    rst_db_inst/CLK
    SLICE_X32Y41         FDRE                                         r  rst_db_inst/count_reg[2]/C
                         clock pessimism             -0.513     1.445    
    SLICE_X32Y41         FDRE (Hold_fdre_C_D)         0.105     1.550    rst_db_inst/count_reg[2]
  -------------------------------------------------------------------
                         required time                         -1.550    
                         arrival time                           1.831    
  -------------------------------------------------------------------
                         slack                                  0.281    

Slack (MET) :             0.282ns  (arrival time - required time)
  Source:                 rst_db_inst/sync_0_reg/C
                            (rising edge-triggered cell FDRE clocked by sys_clk_pin  {rise@0.000ns fall@5.000ns period=10.000ns})
  Destination:            rst_db_inst/sync_1_reg/D
                            (rising edge-triggered cell FDRE clocked by sys_clk_pin  {rise@0.000ns fall@5.000ns period=10.000ns})
  Path Group:             sys_clk_pin
  Path Type:              Hold (Min at Fast Process Corner)
  Requirement:            0.000ns  (sys_clk_pin rise@0.000ns - sys_clk_pin rise@0.000ns)
  Data Path Delay:        0.334ns  (logic 0.164ns (49.062%)  route 0.170ns (50.938%))
  Logic Levels:           0  
  Clock Path Skew:        0.000ns (DCD - SCD - CPR)
    Destination Clock Delay (DCD):    1.958ns
    Source Clock Delay      (SCD):    1.445ns
    Clock Pessimism Removal (CPR):    0.513ns

    Location             Delay type                Incr(ns)  Path(ns)    Netlist Resource(s)
  -------------------------------------------------------------------    -------------------
                         (clock sys_clk_pin rise edge)
                                                      0.000     0.000 r  
    W5                                                0.000     0.000 r  clk (IN)
                         net (fo=0)                   0.000     0.000    clk
    W5                   IBUF (Prop_ibuf_I_O)         0.226     0.226 r  clk_IBUF_inst/O
                         net (fo=1, routed)           0.631     0.858    clk_IBUF
    BUFGCTRL_X0Y0        BUFG (Prop_bufg_I_O)         0.026     0.884 r  clk_IBUF_BUFG_inst/O
                         net (fo=82, routed)          0.562     1.445    rst_db_inst/CLK
    SLICE_X30Y41         FDRE                                         r  rst_db_inst/sync_0_reg/C
  -------------------------------------------------------------------    -------------------
    SLICE_X30Y41         FDRE (Prop_fdre_C_Q)         0.164     1.609 r  rst_db_inst/sync_0_reg/Q
                         net (fo=1, routed)           0.170     1.779    rst_db_inst/sync_0
    SLICE_X30Y41         FDRE                                         r  rst_db_inst/sync_1_reg/D
  -------------------------------------------------------------------    -------------------

                         (clock sys_clk_pin rise edge)
                                                      0.000     0.000 r  
    W5                                                0.000     0.000 r  clk (IN)
                         net (fo=0)                   0.000     0.000    clk
    W5                   IBUF (Prop_ibuf_I_O)         0.414     0.414 r  clk_IBUF_inst/O
                         net (fo=1, routed)           0.685     1.099    clk_IBUF
    BUFGCTRL_X0Y0        BUFG (Prop_bufg_I_O)         0.029     1.128 r  clk_IBUF_BUFG_inst/O
                         net (fo=82, routed)          0.831     1.958    rst_db_inst/CLK
    SLICE_X30Y41         FDRE                                         r  rst_db_inst/sync_1_reg/C
                         clock pessimism             -0.513     1.445    
    SLICE_X30Y41         FDRE (Hold_fdre_C_D)         0.052     1.497    rst_db_inst/sync_1_reg
  -------------------------------------------------------------------
                         required time                         -1.497    
                         arrival time                           1.779    
  -------------------------------------------------------------------
                         slack                                  0.282    

Slack (MET) :             0.306ns  (arrival time - required time)
  Source:                 ticker/count_reg[18]/C
                            (rising edge-triggered cell FDCE clocked by sys_clk_pin  {rise@0.000ns fall@5.000ns period=10.000ns})
  Destination:            ticker/count_reg[13]/D
                            (rising edge-triggered cell FDCE clocked by sys_clk_pin  {rise@0.000ns fall@5.000ns period=10.000ns})
  Path Group:             sys_clk_pin
  Path Type:              Hold (Min at Fast Process Corner)
  Requirement:            0.000ns  (sys_clk_pin rise@0.000ns - sys_clk_pin rise@0.000ns)
  Data Path Delay:        0.427ns  (logic 0.251ns (58.728%)  route 0.176ns (41.272%))
  Logic Levels:           2  (CARRY4=1 LUT6=1)
  Clock Path Skew:        0.016ns (DCD - SCD - CPR)
    Destination Clock Delay (DCD):    1.959ns
    Source Clock Delay      (SCD):    1.446ns
    Clock Pessimism Removal (CPR):    0.497ns

    Location             Delay type                Incr(ns)  Path(ns)    Netlist Resource(s)
  -------------------------------------------------------------------    -------------------
                         (clock sys_clk_pin rise edge)
                                                      0.000     0.000 r  
    W5                                                0.000     0.000 r  clk (IN)
                         net (fo=0)                   0.000     0.000    clk
    W5                   IBUF (Prop_ibuf_I_O)         0.226     0.226 r  clk_IBUF_inst/O
                         net (fo=1, routed)           0.631     0.858    clk_IBUF
    BUFGCTRL_X0Y0        BUFG (Prop_bufg_I_O)         0.026     0.884 r  clk_IBUF_BUFG_inst/O
                         net (fo=82, routed)          0.563     1.446    ticker/CLK
    SLICE_X37Y46         FDCE                                         r  ticker/count_reg[18]/C
  -------------------------------------------------------------------    -------------------
    SLICE_X37Y46         FDCE (Prop_fdce_C_Q)         0.141     1.587 f  ticker/count_reg[18]/Q
                         net (fo=27, routed)          0.176     1.764    ticker/count_reg[18]
    SLICE_X37Y45         LUT6 (Prop_lut6_I1_O)        0.045     1.809 r  ticker/count[12]_i_4/O
                         net (fo=1, routed)           0.000     1.809    ticker/count[12]_i_4_n_0
    SLICE_X37Y45         CARRY4 (Prop_carry4_S[1]_O[1])
                                                      0.065     1.874 r  ticker/count_reg[12]_i_1__0/O[1]
                         net (fo=1, routed)           0.000     1.874    ticker/count_reg[12]_i_1__0_n_6
    SLICE_X37Y45         FDCE                                         r  ticker/count_reg[13]/D
  -------------------------------------------------------------------    -------------------

                         (clock sys_clk_pin rise edge)
                                                      0.000     0.000 r  
    W5                                                0.000     0.000 r  clk (IN)
                         net (fo=0)                   0.000     0.000    clk
    W5                   IBUF (Prop_ibuf_I_O)         0.414     0.414 r  clk_IBUF_inst/O
                         net (fo=1, routed)           0.685     1.099    clk_IBUF
    BUFGCTRL_X0Y0        BUFG (Prop_bufg_I_O)         0.029     1.128 r  clk_IBUF_BUFG_inst/O
                         net (fo=82, routed)          0.832     1.959    ticker/CLK
    SLICE_X37Y45         FDCE                                         r  ticker/count_reg[13]/C
                         clock pessimism             -0.497     1.462    
    SLICE_X37Y45         FDCE (Hold_fdce_C_D)         0.105     1.567    ticker/count_reg[13]
  -------------------------------------------------------------------
                         required time                         -1.567    
                         arrival time                           1.874    
  -------------------------------------------------------------------
                         slack                                  0.306    

Slack (MET) :             0.307ns  (arrival time - required time)
  Source:                 ticker/count_reg[18]/C
                            (rising edge-triggered cell FDCE clocked by sys_clk_pin  {rise@0.000ns fall@5.000ns period=10.000ns})
  Destination:            ticker/count_reg[21]/D
                            (rising edge-triggered cell FDCE clocked by sys_clk_pin  {rise@0.000ns fall@5.000ns period=10.000ns})
  Path Group:             sys_clk_pin
  Path Type:              Hold (Min at Fast Process Corner)
  Requirement:            0.000ns  (sys_clk_pin rise@0.000ns - sys_clk_pin rise@0.000ns)
  Data Path Delay:        0.429ns  (logic 0.251ns (58.455%)  route 0.178ns (41.545%))
  Logic Levels:           2  (CARRY4=1 LUT6=1)
  Clock Path Skew:        0.017ns (DCD - SCD - CPR)
    Destination Clock Delay (DCD):    1.960ns
    Source Clock Delay      (SCD):    1.446ns
    Clock Pessimism Removal (CPR):    0.497ns

    Location             Delay type                Incr(ns)  Path(ns)    Netlist Resource(s)
  -------------------------------------------------------------------    -------------------
                         (clock sys_clk_pin rise edge)
                                                      0.000     0.000 r  
    W5                                                0.000     0.000 r  clk (IN)
                         net (fo=0)                   0.000     0.000    clk
    W5                   IBUF (Prop_ibuf_I_O)         0.226     0.226 r  clk_IBUF_inst/O
                         net (fo=1, routed)           0.631     0.858    clk_IBUF
    BUFGCTRL_X0Y0        BUFG (Prop_bufg_I_O)         0.026     0.884 r  clk_IBUF_BUFG_inst/O
                         net (fo=82, routed)          0.563     1.446    ticker/CLK
    SLICE_X37Y46         FDCE                                         r  ticker/count_reg[18]/C
  -------------------------------------------------------------------    -------------------
    SLICE_X37Y46         FDCE (Prop_fdce_C_Q)         0.141     1.587 f  ticker/count_reg[18]/Q
                         net (fo=27, routed)          0.178     1.766    ticker/count_reg[18]
    SLICE_X37Y47         LUT6 (Prop_lut6_I1_O)        0.045     1.811 r  ticker/count[20]_i_4/O
                         net (fo=1, routed)           0.000     1.811    ticker/count[20]_i_4_n_0
    SLICE_X37Y47         CARRY4 (Prop_carry4_S[1]_O[1])
                                                      0.065     1.876 r  ticker/count_reg[20]_i_1/O[1]
                         net (fo=1, routed)           0.000     1.876    ticker/count_reg[20]_i_1_n_6
    SLICE_X37Y47         FDCE                                         r  ticker/count_reg[21]/D
  -------------------------------------------------------------------    -------------------

                         (clock sys_clk_pin rise edge)
                                                      0.000     0.000 r  
    W5                                                0.000     0.000 r  clk (IN)
                         net (fo=0)                   0.000     0.000    clk
    W5                   IBUF (Prop_ibuf_I_O)         0.414     0.414 r  clk_IBUF_inst/O
                         net (fo=1, routed)           0.685     1.099    clk_IBUF
    BUFGCTRL_X0Y0        BUFG (Prop_bufg_I_O)         0.029     1.128 r  clk_IBUF_BUFG_inst/O
                         net (fo=82, routed)          0.833     1.960    ticker/CLK
    SLICE_X37Y47         FDCE                                         r  ticker/count_reg[21]/C
                         clock pessimism             -0.497     1.463    
    SLICE_X37Y47         FDCE (Hold_fdce_C_D)         0.105     1.568    ticker/count_reg[21]
  -------------------------------------------------------------------
                         required time                         -1.568    
                         arrival time                           1.876    
  -------------------------------------------------------------------
                         slack                                  0.307    





Pulse Width Checks
--------------------------------------------------------------------------------------
Clock Name:         sys_clk_pin
Waveform(ns):       { 0.000 5.000 }
Period(ns):         10.000
Sources:            { clk }

Check Type        Corner  Lib Pin  Reference Pin  Required(ns)  Actual(ns)  Slack(ns)  Location       Pin
Min Period        n/a     BUFG/I   n/a            2.155         10.000      7.845      BUFGCTRL_X0Y0  clk_IBUF_BUFG_inst/I
Min Period        n/a     FDCE/C   n/a            1.000         10.000      9.000      SLICE_X34Y41   led_writer/leds_reg[0]/C
Min Period        n/a     FDCE/C   n/a            1.000         10.000      9.000      SLICE_X35Y41   led_writer/leds_reg[10]/C
Min Period        n/a     FDCE/C   n/a            1.000         10.000      9.000      SLICE_X35Y43   led_writer/leds_reg[11]/C
Min Period        n/a     FDCE/C   n/a            1.000         10.000      9.000      SLICE_X35Y49   led_writer/leds_reg[12]/C
Min Period        n/a     FDCE/C   n/a            1.000         10.000      9.000      SLICE_X35Y49   led_writer/leds_reg[13]/C
Min Period        n/a     FDCE/C   n/a            1.000         10.000      9.000      SLICE_X35Y49   led_writer/leds_reg[14]/C
Min Period        n/a     FDCE/C   n/a            1.000         10.000      9.000      SLICE_X35Y50   led_writer/leds_reg[15]/C
Min Period        n/a     FDCE/C   n/a            1.000         10.000      9.000      SLICE_X33Y44   led_writer/leds_reg[1]/C
Min Period        n/a     FDCE/C   n/a            1.000         10.000      9.000      SLICE_X35Y43   led_writer/leds_reg[2]/C
Low Pulse Width   Slow    FDCE/C   n/a            0.500         5.000       4.500      SLICE_X33Y44   led_writer/leds_reg[1]/C
Low Pulse Width   Slow    FDCE/C   n/a            0.500         5.000       4.500      SLICE_X33Y44   led_writer/leds_reg[3]/C
Low Pulse Width   Slow    FDCE/C   n/a            0.500         5.000       4.500      SLICE_X33Y44   led_writer/leds_reg[4]/C
Low Pulse Width   Slow    FDCE/C   n/a            0.500         5.000       4.500      SLICE_X33Y44   led_writer/leds_reg[6]/C
Low Pulse Width   Slow    FDCE/C   n/a            0.500         5.000       4.500      SLICE_X33Y44   led_writer/leds_reg[7]/C
Low Pulse Width   Slow    FDCE/C   n/a            0.500         5.000       4.500      SLICE_X33Y44   led_writer/leds_reg[8]/C
Low Pulse Width   Slow    FDRE/C   n/a            0.500         5.000       4.500      SLICE_X32Y43   rst_db_inst/count_reg[10]/C
Low Pulse Width   Slow    FDRE/C   n/a            0.500         5.000       4.500      SLICE_X32Y43   rst_db_inst/count_reg[11]/C
Low Pulse Width   Slow    FDRE/C   n/a            0.500         5.000       4.500      SLICE_X32Y44   rst_db_inst/count_reg[12]/C
Low Pulse Width   Slow    FDRE/C   n/a            0.500         5.000       4.500      SLICE_X32Y44   rst_db_inst/count_reg[13]/C
High Pulse Width  Slow    FDCE/C   n/a            0.500         5.000       4.500      SLICE_X34Y41   led_writer/leds_reg[0]/C
High Pulse Width  Fast    FDCE/C   n/a            0.500         5.000       4.500      SLICE_X34Y41   led_writer/leds_reg[0]/C
High Pulse Width  Slow    FDCE/C   n/a            0.500         5.000       4.500      SLICE_X35Y41   led_writer/leds_reg[10]/C
High Pulse Width  Fast    FDCE/C   n/a            0.500         5.000       4.500      SLICE_X35Y41   led_writer/leds_reg[10]/C
High Pulse Width  Fast    FDCE/C   n/a            0.500         5.000       4.500      SLICE_X35Y43   led_writer/leds_reg[11]/C
High Pulse Width  Fast    FDCE/C   n/a            0.500         5.000       4.500      SLICE_X35Y49   led_writer/leds_reg[12]/C
High Pulse Width  Fast    FDCE/C   n/a            0.500         5.000       4.500      SLICE_X35Y49   led_writer/leds_reg[13]/C
High Pulse Width  Fast    FDCE/C   n/a            0.500         5.000       4.500      SLICE_X35Y49   led_writer/leds_reg[14]/C
High Pulse Width  Fast    FDCE/C   n/a            0.500         5.000       4.500      SLICE_X35Y50   led_writer/leds_reg[15]/C
High Pulse Width  Fast    FDCE/C   n/a            0.500         5.000       4.500      SLICE_X33Y44   led_writer/leds_reg[1]/C



---------------------------------------------------------------------------------------------------
Path Group:  **async_default**
From Clock:  sys_clk_pin
  To Clock:  sys_clk_pin

Setup :            0  Failing Endpoints,  Worst Slack        7.299ns,  Total Violation        0.000ns
Hold  :            0  Failing Endpoints,  Worst Slack        0.377ns,  Total Violation        0.000ns
---------------------------------------------------------------------------------------------------


Max Delay Paths
--------------------------------------------------------------------------------------
Slack (MET) :             7.299ns  (required time - arrival time)
  Source:                 rst_db_inst/pbout_reg/C
                            (rising edge-triggered cell FDRE clocked by sys_clk_pin  {rise@0.000ns fall@5.000ns period=10.000ns})
  Destination:            led_writer/leds_reg[15]/CLR
                            (recovery check against rising-edge clock sys_clk_pin  {rise@0.000ns fall@5.000ns period=10.000ns})
  Path Group:             **async_default**
  Path Type:              Recovery (Max at Slow Process Corner)
  Requirement:            10.000ns  (sys_clk_pin rise@10.000ns - sys_clk_pin rise@0.000ns)
  Data Path Delay:        2.130ns  (logic 0.456ns (21.411%)  route 1.674ns (78.589%))
  Logic Levels:           0  
  Clock Path Skew:        -0.131ns (DCD - SCD + CPR)
    Destination Clock Delay (DCD):    4.776ns = ( 14.776 - 10.000 ) 
    Source Clock Delay      (SCD):    5.086ns
    Clock Pessimism Removal (CPR):    0.180ns
  Clock Uncertainty:      0.035ns  ((TSJ^2 + TIJ^2)^1/2 + DJ) / 2 + PE
    Total System Jitter     (TSJ):    0.071ns
    Total Input Jitter      (TIJ):    0.000ns
    Discrete Jitter          (DJ):    0.000ns
    Phase Error              (PE):    0.000ns

    Location             Delay type                Incr(ns)  Path(ns)    Netlist Resource(s)
  -------------------------------------------------------------------    -------------------
                         (clock sys_clk_pin rise edge)
                                                      0.000     0.000 r  
    W5                                                0.000     0.000 r  clk (IN)
                         net (fo=0)                   0.000     0.000    clk
    W5                   IBUF (Prop_ibuf_I_O)         1.458     1.458 r  clk_IBUF_inst/O
                         net (fo=1, routed)           1.967     3.425    clk_IBUF
    BUFGCTRL_X0Y0        BUFG (Prop_bufg_I_O)         0.096     3.521 r  clk_IBUF_BUFG_inst/O
                         net (fo=82, routed)          1.565     5.086    rst_db_inst/CLK
    SLICE_X33Y43         FDRE                                         r  rst_db_inst/pbout_reg/C
  -------------------------------------------------------------------    -------------------
    SLICE_X33Y43         FDRE (Prop_fdre_C_Q)         0.456     5.542 f  rst_db_inst/pbout_reg/Q
                         net (fo=94, routed)          1.674     7.216    led_writer/rst
    SLICE_X35Y50         FDCE                                         f  led_writer/leds_reg[15]/CLR
  -------------------------------------------------------------------    -------------------

                         (clock sys_clk_pin rise edge)
                                                     10.000    10.000 r  
    W5                                                0.000    10.000 r  clk (IN)
                         net (fo=0)                   0.000    10.000    clk
    W5                   IBUF (Prop_ibuf_I_O)         1.388    11.388 r  clk_IBUF_inst/O
                         net (fo=1, routed)           1.862    13.250    clk_IBUF
    BUFGCTRL_X0Y0        BUFG (Prop_bufg_I_O)         0.091    13.341 r  clk_IBUF_BUFG_inst/O
                         net (fo=82, routed)          1.435    14.776    led_writer/CLK
    SLICE_X35Y50         FDCE                                         r  led_writer/leds_reg[15]/C
                         clock pessimism              0.180    14.956    
                         clock uncertainty           -0.035    14.920    
    SLICE_X35Y50         FDCE (Recov_fdce_C_CLR)     -0.405    14.515    led_writer/leds_reg[15]
  -------------------------------------------------------------------
                         required time                         14.515    
                         arrival time                          -7.216    
  -------------------------------------------------------------------
                         slack                                  7.299    

Slack (MET) :             7.496ns  (required time - arrival time)
  Source:                 rst_db_inst/pbout_reg/C
                            (rising edge-triggered cell FDRE clocked by sys_clk_pin  {rise@0.000ns fall@5.000ns period=10.000ns})
  Destination:            ticker/count_reg[24]/CLR
                            (recovery check against rising-edge clock sys_clk_pin  {rise@0.000ns fall@5.000ns period=10.000ns})
  Path Group:             **async_default**
  Path Type:              Recovery (Max at Slow Process Corner)
  Requirement:            10.000ns  (sys_clk_pin rise@10.000ns - sys_clk_pin rise@0.000ns)
  Data Path Delay:        1.952ns  (logic 0.456ns (23.358%)  route 1.496ns (76.642%))
  Logic Levels:           0  
  Clock Path Skew:        -0.111ns (DCD - SCD + CPR)
    Destination Clock Delay (DCD):    4.787ns = ( 14.787 - 10.000 ) 
    Source Clock Delay      (SCD):    5.086ns
    Clock Pessimism Removal (CPR):    0.188ns
  Clock Uncertainty:      0.035ns  ((TSJ^2 + TIJ^2)^1/2 + DJ) / 2 + PE
    Total System Jitter     (TSJ):    0.071ns
    Total Input Jitter      (TIJ):    0.000ns
    Discrete Jitter          (DJ):    0.000ns
    Phase Error              (PE):    0.000ns

    Location             Delay type                Incr(ns)  Path(ns)    Netlist Resource(s)
  -------------------------------------------------------------------    -------------------
                         (clock sys_clk_pin rise edge)
                                                      0.000     0.000 r  
    W5                                                0.000     0.000 r  clk (IN)
                         net (fo=0)                   0.000     0.000    clk
    W5                   IBUF (Prop_ibuf_I_O)         1.458     1.458 r  clk_IBUF_inst/O
                         net (fo=1, routed)           1.967     3.425    clk_IBUF
    BUFGCTRL_X0Y0        BUFG (Prop_bufg_I_O)         0.096     3.521 r  clk_IBUF_BUFG_inst/O
                         net (fo=82, routed)          1.565     5.086    rst_db_inst/CLK
    SLICE_X33Y43         FDRE                                         r  rst_db_inst/pbout_reg/C
  -------------------------------------------------------------------    -------------------
    SLICE_X33Y43         FDRE (Prop_fdre_C_Q)         0.456     5.542 f  rst_db_inst/pbout_reg/Q
                         net (fo=94, routed)          1.496     7.039    ticker/rst
    SLICE_X37Y48         FDCE                                         f  ticker/count_reg[24]/CLR
  -------------------------------------------------------------------    -------------------

                         (clock sys_clk_pin rise edge)
                                                     10.000    10.000 r  
    W5                                                0.000    10.000 r  clk (IN)
                         net (fo=0)                   0.000    10.000    clk
    W5                   IBUF (Prop_ibuf_I_O)         1.388    11.388 r  clk_IBUF_inst/O
                         net (fo=1, routed)           1.862    13.250    clk_IBUF
    BUFGCTRL_X0Y0        BUFG (Prop_bufg_I_O)         0.091    13.341 r  clk_IBUF_BUFG_inst/O
                         net (fo=82, routed)          1.446    14.787    ticker/CLK
    SLICE_X37Y48         FDCE                                         r  ticker/count_reg[24]/C
                         clock pessimism              0.188    14.975    
                         clock uncertainty           -0.035    14.940    
    SLICE_X37Y48         FDCE (Recov_fdce_C_CLR)     -0.405    14.535    ticker/count_reg[24]
  -------------------------------------------------------------------
                         required time                         14.535    
                         arrival time                          -7.039    
  -------------------------------------------------------------------
                         slack                                  7.496    

Slack (MET) :             7.496ns  (required time - arrival time)
  Source:                 rst_db_inst/pbout_reg/C
                            (rising edge-triggered cell FDRE clocked by sys_clk_pin  {rise@0.000ns fall@5.000ns period=10.000ns})
  Destination:            ticker/count_reg[25]/CLR
                            (recovery check against rising-edge clock sys_clk_pin  {rise@0.000ns fall@5.000ns period=10.000ns})
  Path Group:             **async_default**
  Path Type:              Recovery (Max at Slow Process Corner)
  Requirement:            10.000ns  (sys_clk_pin rise@10.000ns - sys_clk_pin rise@0.000ns)
  Data Path Delay:        1.952ns  (logic 0.456ns (23.358%)  route 1.496ns (76.642%))
  Logic Levels:           0  
  Clock Path Skew:        -0.111ns (DCD - SCD + CPR)
    Destination Clock Delay (DCD):    4.787ns = ( 14.787 - 10.000 ) 
    Source Clock Delay      (SCD):    5.086ns
    Clock Pessimism Removal (CPR):    0.188ns
  Clock Uncertainty:      0.035ns  ((TSJ^2 + TIJ^2)^1/2 + DJ) / 2 + PE
    Total System Jitter     (TSJ):    0.071ns
    Total Input Jitter      (TIJ):    0.000ns
    Discrete Jitter          (DJ):    0.000ns
    Phase Error              (PE):    0.000ns

    Location             Delay type                Incr(ns)  Path(ns)    Netlist Resource(s)
  -------------------------------------------------------------------    -------------------
                         (clock sys_clk_pin rise edge)
                                                      0.000     0.000 r  
    W5                                                0.000     0.000 r  clk (IN)
                         net (fo=0)                   0.000     0.000    clk
    W5                   IBUF (Prop_ibuf_I_O)         1.458     1.458 r  clk_IBUF_inst/O
                         net (fo=1, routed)           1.967     3.425    clk_IBUF
    BUFGCTRL_X0Y0        BUFG (Prop_bufg_I_O)         0.096     3.521 r  clk_IBUF_BUFG_inst/O
                         net (fo=82, routed)          1.565     5.086    rst_db_inst/CLK
    SLICE_X33Y43         FDRE                                         r  rst_db_inst/pbout_reg/C
  -------------------------------------------------------------------    -------------------
    SLICE_X33Y43         FDRE (Prop_fdre_C_Q)         0.456     5.542 f  rst_db_inst/pbout_reg/Q
                         net (fo=94, routed)          1.496     7.039    ticker/rst
    SLICE_X37Y48         FDCE                                         f  ticker/count_reg[25]/CLR
  -------------------------------------------------------------------    -------------------

                         (clock sys_clk_pin rise edge)
                                                     10.000    10.000 r  
    W5                                                0.000    10.000 r  clk (IN)
                         net (fo=0)                   0.000    10.000    clk
    W5                   IBUF (Prop_ibuf_I_O)         1.388    11.388 r  clk_IBUF_inst/O
                         net (fo=1, routed)           1.862    13.250    clk_IBUF
    BUFGCTRL_X0Y0        BUFG (Prop_bufg_I_O)         0.091    13.341 r  clk_IBUF_BUFG_inst/O
                         net (fo=82, routed)          1.446    14.787    ticker/CLK
    SLICE_X37Y48         FDCE                                         r  ticker/count_reg[25]/C
                         clock pessimism              0.188    14.975    
                         clock uncertainty           -0.035    14.940    
    SLICE_X37Y48         FDCE (Recov_fdce_C_CLR)     -0.405    14.535    ticker/count_reg[25]
  -------------------------------------------------------------------
                         required time                         14.535    
                         arrival time                          -7.039    
  -------------------------------------------------------------------
                         slack                                  7.496    

Slack (MET) :             7.566ns  (required time - arrival time)
  Source:                 rst_db_inst/pbout_reg/C
                            (rising edge-triggered cell FDRE clocked by sys_clk_pin  {rise@0.000ns fall@5.000ns period=10.000ns})
  Destination:            ticker/clk_out_reg/CLR
                            (recovery check against rising-edge clock sys_clk_pin  {rise@0.000ns fall@5.000ns period=10.000ns})
  Path Group:             **async_default**
  Path Type:              Recovery (Max at Slow Process Corner)
  Requirement:            10.000ns  (sys_clk_pin rise@10.000ns - sys_clk_pin rise@0.000ns)
  Data Path Delay:        1.882ns  (logic 0.456ns (24.229%)  route 1.426ns (75.771%))
  Logic Levels:           0  
  Clock Path Skew:        -0.112ns (DCD - SCD + CPR)
    Destination Clock Delay (DCD):    4.786ns = ( 14.786 - 10.000 ) 
    Source Clock Delay      (SCD):    5.086ns
    Clock Pessimism Removal (CPR):    0.188ns
  Clock Uncertainty:      0.035ns  ((TSJ^2 + TIJ^2)^1/2 + DJ) / 2 + PE
    Total System Jitter     (TSJ):    0.071ns
    Total Input Jitter      (TIJ):    0.000ns
    Discrete Jitter          (DJ):    0.000ns
    Phase Error              (PE):    0.000ns

    Location             Delay type                Incr(ns)  Path(ns)    Netlist Resource(s)
  -------------------------------------------------------------------    -------------------
                         (clock sys_clk_pin rise edge)
                                                      0.000     0.000 r  
    W5                                                0.000     0.000 r  clk (IN)
                         net (fo=0)                   0.000     0.000    clk
    W5                   IBUF (Prop_ibuf_I_O)         1.458     1.458 r  clk_IBUF_inst/O
                         net (fo=1, routed)           1.967     3.425    clk_IBUF
    BUFGCTRL_X0Y0        BUFG (Prop_bufg_I_O)         0.096     3.521 r  clk_IBUF_BUFG_inst/O
                         net (fo=82, routed)          1.565     5.086    rst_db_inst/CLK
    SLICE_X33Y43         FDRE                                         r  rst_db_inst/pbout_reg/C
  -------------------------------------------------------------------    -------------------
    SLICE_X33Y43         FDRE (Prop_fdre_C_Q)         0.456     5.542 f  rst_db_inst/pbout_reg/Q
                         net (fo=94, routed)          1.426     6.968    ticker/rst
    SLICE_X36Y46         FDCE                                         f  ticker/clk_out_reg/CLR
  -------------------------------------------------------------------    -------------------

                         (clock sys_clk_pin rise edge)
                                                     10.000    10.000 r  
    W5                                                0.000    10.000 r  clk (IN)
                         net (fo=0)                   0.000    10.000    clk
    W5                   IBUF (Prop_ibuf_I_O)         1.388    11.388 r  clk_IBUF_inst/O
                         net (fo=1, routed)           1.862    13.250    clk_IBUF
    BUFGCTRL_X0Y0        BUFG (Prop_bufg_I_O)         0.091    13.341 r  clk_IBUF_BUFG_inst/O
                         net (fo=82, routed)          1.445    14.786    ticker/CLK
    SLICE_X36Y46         FDCE                                         r  ticker/clk_out_reg/C
                         clock pessimism              0.188    14.974    
                         clock uncertainty           -0.035    14.939    
    SLICE_X36Y46         FDCE (Recov_fdce_C_CLR)     -0.405    14.534    ticker/clk_out_reg
  -------------------------------------------------------------------
                         required time                         14.534    
                         arrival time                          -6.968    
  -------------------------------------------------------------------
                         slack                                  7.566    

Slack (MET) :             7.570ns  (required time - arrival time)
  Source:                 rst_db_inst/pbout_reg/C
                            (rising edge-triggered cell FDRE clocked by sys_clk_pin  {rise@0.000ns fall@5.000ns period=10.000ns})
  Destination:            ticker/count_reg[16]/CLR
                            (recovery check against rising-edge clock sys_clk_pin  {rise@0.000ns fall@5.000ns period=10.000ns})
  Path Group:             **async_default**
  Path Type:              Recovery (Max at Slow Process Corner)
  Requirement:            10.000ns  (sys_clk_pin rise@10.000ns - sys_clk_pin rise@0.000ns)
  Data Path Delay:        1.878ns  (logic 0.456ns (24.285%)  route 1.422ns (75.715%))
  Logic Levels:           0  
  Clock Path Skew:        -0.112ns (DCD - SCD + CPR)
    Destination Clock Delay (DCD):    4.786ns = ( 14.786 - 10.000 ) 
    Source Clock Delay      (SCD):    5.086ns
    Clock Pessimism Removal (CPR):    0.188ns
  Clock Uncertainty:      0.035ns  ((TSJ^2 + TIJ^2)^1/2 + DJ) / 2 + PE
    Total System Jitter     (TSJ):    0.071ns
    Total Input Jitter      (TIJ):    0.000ns
    Discrete Jitter          (DJ):    0.000ns
    Phase Error              (PE):    0.000ns

    Location             Delay type                Incr(ns)  Path(ns)    Netlist Resource(s)
  -------------------------------------------------------------------    -------------------
                         (clock sys_clk_pin rise edge)
                                                      0.000     0.000 r  
    W5                                                0.000     0.000 r  clk (IN)
                         net (fo=0)                   0.000     0.000    clk
    W5                   IBUF (Prop_ibuf_I_O)         1.458     1.458 r  clk_IBUF_inst/O
                         net (fo=1, routed)           1.967     3.425    clk_IBUF
    BUFGCTRL_X0Y0        BUFG (Prop_bufg_I_O)         0.096     3.521 r  clk_IBUF_BUFG_inst/O
                         net (fo=82, routed)          1.565     5.086    rst_db_inst/CLK
    SLICE_X33Y43         FDRE                                         r  rst_db_inst/pbout_reg/C
  -------------------------------------------------------------------    -------------------
    SLICE_X33Y43         FDRE (Prop_fdre_C_Q)         0.456     5.542 f  rst_db_inst/pbout_reg/Q
                         net (fo=94, routed)          1.422     6.964    ticker/rst
    SLICE_X37Y46         FDCE                                         f  ticker/count_reg[16]/CLR
  -------------------------------------------------------------------    -------------------

                         (clock sys_clk_pin rise edge)
                                                     10.000    10.000 r  
    W5                                                0.000    10.000 r  clk (IN)
                         net (fo=0)                   0.000    10.000    clk
    W5                   IBUF (Prop_ibuf_I_O)         1.388    11.388 r  clk_IBUF_inst/O
                         net (fo=1, routed)           1.862    13.250    clk_IBUF
    BUFGCTRL_X0Y0        BUFG (Prop_bufg_I_O)         0.091    13.341 r  clk_IBUF_BUFG_inst/O
                         net (fo=82, routed)          1.445    14.786    ticker/CLK
    SLICE_X37Y46         FDCE                                         r  ticker/count_reg[16]/C
                         clock pessimism              0.188    14.974    
                         clock uncertainty           -0.035    14.939    
    SLICE_X37Y46         FDCE (Recov_fdce_C_CLR)     -0.405    14.534    ticker/count_reg[16]
  -------------------------------------------------------------------
                         required time                         14.534    
                         arrival time                          -6.964    
  -------------------------------------------------------------------
                         slack                                  7.570    

Slack (MET) :             7.570ns  (required time - arrival time)
  Source:                 rst_db_inst/pbout_reg/C
                            (rising edge-triggered cell FDRE clocked by sys_clk_pin  {rise@0.000ns fall@5.000ns period=10.000ns})
  Destination:            ticker/count_reg[17]/CLR
                            (recovery check against rising-edge clock sys_clk_pin  {rise@0.000ns fall@5.000ns period=10.000ns})
  Path Group:             **async_default**
  Path Type:              Recovery (Max at Slow Process Corner)
  Requirement:            10.000ns  (sys_clk_pin rise@10.000ns - sys_clk_pin rise@0.000ns)
  Data Path Delay:        1.878ns  (logic 0.456ns (24.285%)  route 1.422ns (75.715%))
  Logic Levels:           0  
  Clock Path Skew:        -0.112ns (DCD - SCD + CPR)
    Destination Clock Delay (DCD):    4.786ns = ( 14.786 - 10.000 ) 
    Source Clock Delay      (SCD):    5.086ns
    Clock Pessimism Removal (CPR):    0.188ns
  Clock Uncertainty:      0.035ns  ((TSJ^2 + TIJ^2)^1/2 + DJ) / 2 + PE
    Total System Jitter     (TSJ):    0.071ns
    Total Input Jitter      (TIJ):    0.000ns
    Discrete Jitter          (DJ):    0.000ns
    Phase Error              (PE):    0.000ns

    Location             Delay type                Incr(ns)  Path(ns)    Netlist Resource(s)
  -------------------------------------------------------------------    -------------------
                         (clock sys_clk_pin rise edge)
                                                      0.000     0.000 r  
    W5                                                0.000     0.000 r  clk (IN)
                         net (fo=0)                   0.000     0.000    clk
    W5                   IBUF (Prop_ibuf_I_O)         1.458     1.458 r  clk_IBUF_inst/O
                         net (fo=1, routed)           1.967     3.425    clk_IBUF
    BUFGCTRL_X0Y0        BUFG (Prop_bufg_I_O)         0.096     3.521 r  clk_IBUF_BUFG_inst/O
                         net (fo=82, routed)          1.565     5.086    rst_db_inst/CLK
    SLICE_X33Y43         FDRE                                         r  rst_db_inst/pbout_reg/C
  -------------------------------------------------------------------    -------------------
    SLICE_X33Y43         FDRE (Prop_fdre_C_Q)         0.456     5.542 f  rst_db_inst/pbout_reg/Q
                         net (fo=94, routed)          1.422     6.964    ticker/rst
    SLICE_X37Y46         FDCE                                         f  ticker/count_reg[17]/CLR
  -------------------------------------------------------------------    -------------------

                         (clock sys_clk_pin rise edge)
                                                     10.000    10.000 r  
    W5                                                0.000    10.000 r  clk (IN)
                         net (fo=0)                   0.000    10.000    clk
    W5                   IBUF (Prop_ibuf_I_O)         1.388    11.388 r  clk_IBUF_inst/O
                         net (fo=1, routed)           1.862    13.250    clk_IBUF
    BUFGCTRL_X0Y0        BUFG (Prop_bufg_I_O)         0.091    13.341 r  clk_IBUF_BUFG_inst/O
                         net (fo=82, routed)          1.445    14.786    ticker/CLK
    SLICE_X37Y46         FDCE                                         r  ticker/count_reg[17]/C
                         clock pessimism              0.188    14.974    
                         clock uncertainty           -0.035    14.939    
    SLICE_X37Y46         FDCE (Recov_fdce_C_CLR)     -0.405    14.534    ticker/count_reg[17]
  -------------------------------------------------------------------
                         required time                         14.534    
                         arrival time                          -6.964    
  -------------------------------------------------------------------
                         slack                                  7.570    

Slack (MET) :             7.570ns  (required time - arrival time)
  Source:                 rst_db_inst/pbout_reg/C
                            (rising edge-triggered cell FDRE clocked by sys_clk_pin  {rise@0.000ns fall@5.000ns period=10.000ns})
  Destination:            ticker/count_reg[18]/CLR
                            (recovery check against rising-edge clock sys_clk_pin  {rise@0.000ns fall@5.000ns period=10.000ns})
  Path Group:             **async_default**
  Path Type:              Recovery (Max at Slow Process Corner)
  Requirement:            10.000ns  (sys_clk_pin rise@10.000ns - sys_clk_pin rise@0.000ns)
  Data Path Delay:        1.878ns  (logic 0.456ns (24.285%)  route 1.422ns (75.715%))
  Logic Levels:           0  
  Clock Path Skew:        -0.112ns (DCD - SCD + CPR)
    Destination Clock Delay (DCD):    4.786ns = ( 14.786 - 10.000 ) 
    Source Clock Delay      (SCD):    5.086ns
    Clock Pessimism Removal (CPR):    0.188ns
  Clock Uncertainty:      0.035ns  ((TSJ^2 + TIJ^2)^1/2 + DJ) / 2 + PE
    Total System Jitter     (TSJ):    0.071ns
    Total Input Jitter      (TIJ):    0.000ns
    Discrete Jitter          (DJ):    0.000ns
    Phase Error              (PE):    0.000ns

    Location             Delay type                Incr(ns)  Path(ns)    Netlist Resource(s)
  -------------------------------------------------------------------    -------------------
                         (clock sys_clk_pin rise edge)
                                                      0.000     0.000 r  
    W5                                                0.000     0.000 r  clk (IN)
                         net (fo=0)                   0.000     0.000    clk
    W5                   IBUF (Prop_ibuf_I_O)         1.458     1.458 r  clk_IBUF_inst/O
                         net (fo=1, routed)           1.967     3.425    clk_IBUF
    BUFGCTRL_X0Y0        BUFG (Prop_bufg_I_O)         0.096     3.521 r  clk_IBUF_BUFG_inst/O
                         net (fo=82, routed)          1.565     5.086    rst_db_inst/CLK
    SLICE_X33Y43         FDRE                                         r  rst_db_inst/pbout_reg/C
  -------------------------------------------------------------------    -------------------
    SLICE_X33Y43         FDRE (Prop_fdre_C_Q)         0.456     5.542 f  rst_db_inst/pbout_reg/Q
                         net (fo=94, routed)          1.422     6.964    ticker/rst
    SLICE_X37Y46         FDCE                                         f  ticker/count_reg[18]/CLR
  -------------------------------------------------------------------    -------------------

                         (clock sys_clk_pin rise edge)
                                                     10.000    10.000 r  
    W5                                                0.000    10.000 r  clk (IN)
                         net (fo=0)                   0.000    10.000    clk
    W5                   IBUF (Prop_ibuf_I_O)         1.388    11.388 r  clk_IBUF_inst/O
                         net (fo=1, routed)           1.862    13.250    clk_IBUF
    BUFGCTRL_X0Y0        BUFG (Prop_bufg_I_O)         0.091    13.341 r  clk_IBUF_BUFG_inst/O
                         net (fo=82, routed)          1.445    14.786    ticker/CLK
    SLICE_X37Y46         FDCE                                         r  ticker/count_reg[18]/C
                         clock pessimism              0.188    14.974    
                         clock uncertainty           -0.035    14.939    
    SLICE_X37Y46         FDCE (Recov_fdce_C_CLR)     -0.405    14.534    ticker/count_reg[18]
  -------------------------------------------------------------------
                         required time                         14.534    
                         arrival time                          -6.964    
  -------------------------------------------------------------------
                         slack                                  7.570    

Slack (MET) :             7.570ns  (required time - arrival time)
  Source:                 rst_db_inst/pbout_reg/C
                            (rising edge-triggered cell FDRE clocked by sys_clk_pin  {rise@0.000ns fall@5.000ns period=10.000ns})
  Destination:            ticker/count_reg[19]/CLR
                            (recovery check against rising-edge clock sys_clk_pin  {rise@0.000ns fall@5.000ns period=10.000ns})
  Path Group:             **async_default**
  Path Type:              Recovery (Max at Slow Process Corner)
  Requirement:            10.000ns  (sys_clk_pin rise@10.000ns - sys_clk_pin rise@0.000ns)
  Data Path Delay:        1.878ns  (logic 0.456ns (24.285%)  route 1.422ns (75.715%))
  Logic Levels:           0  
  Clock Path Skew:        -0.112ns (DCD - SCD + CPR)
    Destination Clock Delay (DCD):    4.786ns = ( 14.786 - 10.000 ) 
    Source Clock Delay      (SCD):    5.086ns
    Clock Pessimism Removal (CPR):    0.188ns
  Clock Uncertainty:      0.035ns  ((TSJ^2 + TIJ^2)^1/2 + DJ) / 2 + PE
    Total System Jitter     (TSJ):    0.071ns
    Total Input Jitter      (TIJ):    0.000ns
    Discrete Jitter          (DJ):    0.000ns
    Phase Error              (PE):    0.000ns

    Location             Delay type                Incr(ns)  Path(ns)    Netlist Resource(s)
  -------------------------------------------------------------------    -------------------
                         (clock sys_clk_pin rise edge)
                                                      0.000     0.000 r  
    W5                                                0.000     0.000 r  clk (IN)
                         net (fo=0)                   0.000     0.000    clk
    W5                   IBUF (Prop_ibuf_I_O)         1.458     1.458 r  clk_IBUF_inst/O
                         net (fo=1, routed)           1.967     3.425    clk_IBUF
    BUFGCTRL_X0Y0        BUFG (Prop_bufg_I_O)         0.096     3.521 r  clk_IBUF_BUFG_inst/O
                         net (fo=82, routed)          1.565     5.086    rst_db_inst/CLK
    SLICE_X33Y43         FDRE                                         r  rst_db_inst/pbout_reg/C
  -------------------------------------------------------------------    -------------------
    SLICE_X33Y43         FDRE (Prop_fdre_C_Q)         0.456     5.542 f  rst_db_inst/pbout_reg/Q
                         net (fo=94, routed)          1.422     6.964    ticker/rst
    SLICE_X37Y46         FDCE                                         f  ticker/count_reg[19]/CLR
  -------------------------------------------------------------------    -------------------

                         (clock sys_clk_pin rise edge)
                                                     10.000    10.000 r  
    W5                                                0.000    10.000 r  clk (IN)
                         net (fo=0)                   0.000    10.000    clk
    W5                   IBUF (Prop_ibuf_I_O)         1.388    11.388 r  clk_IBUF_inst/O
                         net (fo=1, routed)           1.862    13.250    clk_IBUF
    BUFGCTRL_X0Y0        BUFG (Prop_bufg_I_O)         0.091    13.341 r  clk_IBUF_BUFG_inst/O
                         net (fo=82, routed)          1.445    14.786    ticker/CLK
    SLICE_X37Y46         FDCE                                         r  ticker/count_reg[19]/C
                         clock pessimism              0.188    14.974    
                         clock uncertainty           -0.035    14.939    
    SLICE_X37Y46         FDCE (Recov_fdce_C_CLR)     -0.405    14.534    ticker/count_reg[19]
  -------------------------------------------------------------------
                         required time                         14.534    
                         arrival time                          -6.964    
  -------------------------------------------------------------------
                         slack                                  7.570    

Slack (MET) :             7.635ns  (required time - arrival time)
  Source:                 rst_db_inst/pbout_reg/C
                            (rising edge-triggered cell FDRE clocked by sys_clk_pin  {rise@0.000ns fall@5.000ns period=10.000ns})
  Destination:            ticker/count_reg[20]/CLR
                            (recovery check against rising-edge clock sys_clk_pin  {rise@0.000ns fall@5.000ns period=10.000ns})
  Path Group:             **async_default**
  Path Type:              Recovery (Max at Slow Process Corner)
  Requirement:            10.000ns  (sys_clk_pin rise@10.000ns - sys_clk_pin rise@0.000ns)
  Data Path Delay:        1.814ns  (logic 0.456ns (25.140%)  route 1.358ns (74.860%))
  Logic Levels:           0  
  Clock Path Skew:        -0.111ns (DCD - SCD + CPR)
    Destination Clock Delay (DCD):    4.787ns = ( 14.787 - 10.000 ) 
    Source Clock Delay      (SCD):    5.086ns
    Clock Pessimism Removal (CPR):    0.188ns
  Clock Uncertainty:      0.035ns  ((TSJ^2 + TIJ^2)^1/2 + DJ) / 2 + PE
    Total System Jitter     (TSJ):    0.071ns
    Total Input Jitter      (TIJ):    0.000ns
    Discrete Jitter          (DJ):    0.000ns
    Phase Error              (PE):    0.000ns

    Location             Delay type                Incr(ns)  Path(ns)    Netlist Resource(s)
  -------------------------------------------------------------------    -------------------
                         (clock sys_clk_pin rise edge)
                                                      0.000     0.000 r  
    W5                                                0.000     0.000 r  clk (IN)
                         net (fo=0)                   0.000     0.000    clk
    W5                   IBUF (Prop_ibuf_I_O)         1.458     1.458 r  clk_IBUF_inst/O
                         net (fo=1, routed)           1.967     3.425    clk_IBUF
    BUFGCTRL_X0Y0        BUFG (Prop_bufg_I_O)         0.096     3.521 r  clk_IBUF_BUFG_inst/O
                         net (fo=82, routed)          1.565     5.086    rst_db_inst/CLK
    SLICE_X33Y43         FDRE                                         r  rst_db_inst/pbout_reg/C
  -------------------------------------------------------------------    -------------------
    SLICE_X33Y43         FDRE (Prop_fdre_C_Q)         0.456     5.542 f  rst_db_inst/pbout_reg/Q
                         net (fo=94, routed)          1.358     6.900    ticker/rst
    SLICE_X37Y47         FDCE                                         f  ticker/count_reg[20]/CLR
  -------------------------------------------------------------------    -------------------

                         (clock sys_clk_pin rise edge)
                                                     10.000    10.000 r  
    W5                                                0.000    10.000 r  clk (IN)
                         net (fo=0)                   0.000    10.000    clk
    W5                   IBUF (Prop_ibuf_I_O)         1.388    11.388 r  clk_IBUF_inst/O
                         net (fo=1, routed)           1.862    13.250    clk_IBUF
    BUFGCTRL_X0Y0        BUFG (Prop_bufg_I_O)         0.091    13.341 r  clk_IBUF_BUFG_inst/O
                         net (fo=82, routed)          1.446    14.787    ticker/CLK
    SLICE_X37Y47         FDCE                                         r  ticker/count_reg[20]/C
                         clock pessimism              0.188    14.975    
                         clock uncertainty           -0.035    14.940    
    SLICE_X37Y47         FDCE (Recov_fdce_C_CLR)     -0.405    14.535    ticker/count_reg[20]
  -------------------------------------------------------------------
                         required time                         14.535    
                         arrival time                          -6.900    
  -------------------------------------------------------------------
                         slack                                  7.635    

Slack (MET) :             7.635ns  (required time - arrival time)
  Source:                 rst_db_inst/pbout_reg/C
                            (rising edge-triggered cell FDRE clocked by sys_clk_pin  {rise@0.000ns fall@5.000ns period=10.000ns})
  Destination:            ticker/count_reg[21]/CLR
                            (recovery check against rising-edge clock sys_clk_pin  {rise@0.000ns fall@5.000ns period=10.000ns})
  Path Group:             **async_default**
  Path Type:              Recovery (Max at Slow Process Corner)
  Requirement:            10.000ns  (sys_clk_pin rise@10.000ns - sys_clk_pin rise@0.000ns)
  Data Path Delay:        1.814ns  (logic 0.456ns (25.140%)  route 1.358ns (74.860%))
  Logic Levels:           0  
  Clock Path Skew:        -0.111ns (DCD - SCD + CPR)
    Destination Clock Delay (DCD):    4.787ns = ( 14.787 - 10.000 ) 
    Source Clock Delay      (SCD):    5.086ns
    Clock Pessimism Removal (CPR):    0.188ns
  Clock Uncertainty:      0.035ns  ((TSJ^2 + TIJ^2)^1/2 + DJ) / 2 + PE
    Total System Jitter     (TSJ):    0.071ns
    Total Input Jitter      (TIJ):    0.000ns
    Discrete Jitter          (DJ):    0.000ns
    Phase Error              (PE):    0.000ns

    Location             Delay type                Incr(ns)  Path(ns)    Netlist Resource(s)
  -------------------------------------------------------------------    -------------------
                         (clock sys_clk_pin rise edge)
                                                      0.000     0.000 r  
    W5                                                0.000     0.000 r  clk (IN)
                         net (fo=0)                   0.000     0.000    clk
    W5                   IBUF (Prop_ibuf_I_O)         1.458     1.458 r  clk_IBUF_inst/O
                         net (fo=1, routed)           1.967     3.425    clk_IBUF
    BUFGCTRL_X0Y0        BUFG (Prop_bufg_I_O)         0.096     3.521 r  clk_IBUF_BUFG_inst/O
                         net (fo=82, routed)          1.565     5.086    rst_db_inst/CLK
    SLICE_X33Y43         FDRE                                         r  rst_db_inst/pbout_reg/C
  -------------------------------------------------------------------    -------------------
    SLICE_X33Y43         FDRE (Prop_fdre_C_Q)         0.456     5.542 f  rst_db_inst/pbout_reg/Q
                         net (fo=94, routed)          1.358     6.900    ticker/rst
    SLICE_X37Y47         FDCE                                         f  ticker/count_reg[21]/CLR
  -------------------------------------------------------------------    -------------------

                         (clock sys_clk_pin rise edge)
                                                     10.000    10.000 r  
    W5                                                0.000    10.000 r  clk (IN)
                         net (fo=0)                   0.000    10.000    clk
    W5                   IBUF (Prop_ibuf_I_O)         1.388    11.388 r  clk_IBUF_inst/O
                         net (fo=1, routed)           1.862    13.250    clk_IBUF
    BUFGCTRL_X0Y0        BUFG (Prop_bufg_I_O)         0.091    13.341 r  clk_IBUF_BUFG_inst/O
                         net (fo=82, routed)          1.446    14.787    ticker/CLK
    SLICE_X37Y47         FDCE                                         r  ticker/count_reg[21]/C
                         clock pessimism              0.188    14.975    
                         clock uncertainty           -0.035    14.940    
    SLICE_X37Y47         FDCE (Recov_fdce_C_CLR)     -0.405    14.535    ticker/count_reg[21]
  -------------------------------------------------------------------
                         required time                         14.535    
                         arrival time                          -6.900    
  -------------------------------------------------------------------
                         slack                                  7.635    





Min Delay Paths
--------------------------------------------------------------------------------------
Slack (MET) :             0.377ns  (arrival time - required time)
  Source:                 rst_db_inst/pbout_reg/C
                            (rising edge-triggered cell FDRE clocked by sys_clk_pin  {rise@0.000ns fall@5.000ns period=10.000ns})
  Destination:            ticker/count_reg[4]/CLR
                            (removal check against rising-edge clock sys_clk_pin  {rise@0.000ns fall@5.000ns period=10.000ns})
  Path Group:             **async_default**
  Path Type:              Removal (Min at Fast Process Corner)
  Requirement:            0.000ns  (sys_clk_pin rise@0.000ns - sys_clk_pin rise@0.000ns)
  Data Path Delay:        0.549ns  (logic 0.141ns (25.668%)  route 0.408ns (74.332%))
  Logic Levels:           0  
  Clock Path Skew:        0.264ns (DCD - SCD - CPR)
    Destination Clock Delay (DCD):    1.959ns
    Source Clock Delay      (SCD):    1.446ns
    Clock Pessimism Removal (CPR):    0.249ns

    Location             Delay type                Incr(ns)  Path(ns)    Netlist Resource(s)
  -------------------------------------------------------------------    -------------------
                         (clock sys_clk_pin rise edge)
                                                      0.000     0.000 r  
    W5                                                0.000     0.000 r  clk (IN)
                         net (fo=0)                   0.000     0.000    clk
    W5                   IBUF (Prop_ibuf_I_O)         0.226     0.226 r  clk_IBUF_inst/O
                         net (fo=1, routed)           0.631     0.858    clk_IBUF
    BUFGCTRL_X0Y0        BUFG (Prop_bufg_I_O)         0.026     0.884 r  clk_IBUF_BUFG_inst/O
                         net (fo=82, routed)          0.563     1.446    rst_db_inst/CLK
    SLICE_X33Y43         FDRE                                         r  rst_db_inst/pbout_reg/C
  -------------------------------------------------------------------    -------------------
    SLICE_X33Y43         FDRE (Prop_fdre_C_Q)         0.141     1.587 f  rst_db_inst/pbout_reg/Q
                         net (fo=94, routed)          0.408     1.995    ticker/rst
    SLICE_X37Y43         FDCE                                         f  ticker/count_reg[4]/CLR
  -------------------------------------------------------------------    -------------------

                         (clock sys_clk_pin rise edge)
                                                      0.000     0.000 r  
    W5                                                0.000     0.000 r  clk (IN)
                         net (fo=0)                   0.000     0.000    clk
    W5                   IBUF (Prop_ibuf_I_O)         0.414     0.414 r  clk_IBUF_inst/O
                         net (fo=1, routed)           0.685     1.099    clk_IBUF
    BUFGCTRL_X0Y0        BUFG (Prop_bufg_I_O)         0.029     1.128 r  clk_IBUF_BUFG_inst/O
                         net (fo=82, routed)          0.832     1.959    ticker/CLK
    SLICE_X37Y43         FDCE                                         r  ticker/count_reg[4]/C
                         clock pessimism             -0.249     1.710    
    SLICE_X37Y43         FDCE (Remov_fdce_C_CLR)     -0.092     1.618    ticker/count_reg[4]
  -------------------------------------------------------------------
                         required time                         -1.618    
                         arrival time                           1.995    
  -------------------------------------------------------------------
                         slack                                  0.377    

Slack (MET) :             0.377ns  (arrival time - required time)
  Source:                 rst_db_inst/pbout_reg/C
                            (rising edge-triggered cell FDRE clocked by sys_clk_pin  {rise@0.000ns fall@5.000ns period=10.000ns})
  Destination:            ticker/count_reg[5]/CLR
                            (removal check against rising-edge clock sys_clk_pin  {rise@0.000ns fall@5.000ns period=10.000ns})
  Path Group:             **async_default**
  Path Type:              Removal (Min at Fast Process Corner)
  Requirement:            0.000ns  (sys_clk_pin rise@0.000ns - sys_clk_pin rise@0.000ns)
  Data Path Delay:        0.549ns  (logic 0.141ns (25.668%)  route 0.408ns (74.332%))
  Logic Levels:           0  
  Clock Path Skew:        0.264ns (DCD - SCD - CPR)
    Destination Clock Delay (DCD):    1.959ns
    Source Clock Delay      (SCD):    1.446ns
    Clock Pessimism Removal (CPR):    0.249ns

    Location             Delay type                Incr(ns)  Path(ns)    Netlist Resource(s)
  -------------------------------------------------------------------    -------------------
                         (clock sys_clk_pin rise edge)
                                                      0.000     0.000 r  
    W5                                                0.000     0.000 r  clk (IN)
                         net (fo=0)                   0.000     0.000    clk
    W5                   IBUF (Prop_ibuf_I_O)         0.226     0.226 r  clk_IBUF_inst/O
                         net (fo=1, routed)           0.631     0.858    clk_IBUF
    BUFGCTRL_X0Y0        BUFG (Prop_bufg_I_O)         0.026     0.884 r  clk_IBUF_BUFG_inst/O
                         net (fo=82, routed)          0.563     1.446    rst_db_inst/CLK
    SLICE_X33Y43         FDRE                                         r  rst_db_inst/pbout_reg/C
  -------------------------------------------------------------------    -------------------
    SLICE_X33Y43         FDRE (Prop_fdre_C_Q)         0.141     1.587 f  rst_db_inst/pbout_reg/Q
                         net (fo=94, routed)          0.408     1.995    ticker/rst
    SLICE_X37Y43         FDCE                                         f  ticker/count_reg[5]/CLR
  -------------------------------------------------------------------    -------------------

                         (clock sys_clk_pin rise edge)
                                                      0.000     0.000 r  
    W5                                                0.000     0.000 r  clk (IN)
                         net (fo=0)                   0.000     0.000    clk
    W5                   IBUF (Prop_ibuf_I_O)         0.414     0.414 r  clk_IBUF_inst/O
                         net (fo=1, routed)           0.685     1.099    clk_IBUF
    BUFGCTRL_X0Y0        BUFG (Prop_bufg_I_O)         0.029     1.128 r  clk_IBUF_BUFG_inst/O
                         net (fo=82, routed)          0.832     1.959    ticker/CLK
    SLICE_X37Y43         FDCE                                         r  ticker/count_reg[5]/C
                         clock pessimism             -0.249     1.710    
    SLICE_X37Y43         FDCE (Remov_fdce_C_CLR)     -0.092     1.618    ticker/count_reg[5]
  -------------------------------------------------------------------
                         required time                         -1.618    
                         arrival time                           1.995    
  -------------------------------------------------------------------
                         slack                                  0.377    

Slack (MET) :             0.377ns  (arrival time - required time)
  Source:                 rst_db_inst/pbout_reg/C
                            (rising edge-triggered cell FDRE clocked by sys_clk_pin  {rise@0.000ns fall@5.000ns period=10.000ns})
  Destination:            ticker/count_reg[6]/CLR
                            (removal check against rising-edge clock sys_clk_pin  {rise@0.000ns fall@5.000ns period=10.000ns})
  Path Group:             **async_default**
  Path Type:              Removal (Min at Fast Process Corner)
  Requirement:            0.000ns  (sys_clk_pin rise@0.000ns - sys_clk_pin rise@0.000ns)
  Data Path Delay:        0.549ns  (logic 0.141ns (25.668%)  route 0.408ns (74.332%))
  Logic Levels:           0  
  Clock Path Skew:        0.264ns (DCD - SCD - CPR)
    Destination Clock Delay (DCD):    1.959ns
    Source Clock Delay      (SCD):    1.446ns
    Clock Pessimism Removal (CPR):    0.249ns

    Location             Delay type                Incr(ns)  Path(ns)    Netlist Resource(s)
  -------------------------------------------------------------------    -------------------
                         (clock sys_clk_pin rise edge)
                                                      0.000     0.000 r  
    W5                                                0.000     0.000 r  clk (IN)
                         net (fo=0)                   0.000     0.000    clk
    W5                   IBUF (Prop_ibuf_I_O)         0.226     0.226 r  clk_IBUF_inst/O
                         net (fo=1, routed)           0.631     0.858    clk_IBUF
    BUFGCTRL_X0Y0        BUFG (Prop_bufg_I_O)         0.026     0.884 r  clk_IBUF_BUFG_inst/O
                         net (fo=82, routed)          0.563     1.446    rst_db_inst/CLK
    SLICE_X33Y43         FDRE                                         r  rst_db_inst/pbout_reg/C
  -------------------------------------------------------------------    -------------------
    SLICE_X33Y43         FDRE (Prop_fdre_C_Q)         0.141     1.587 f  rst_db_inst/pbout_reg/Q
                         net (fo=94, routed)          0.408     1.995    ticker/rst
    SLICE_X37Y43         FDCE                                         f  ticker/count_reg[6]/CLR
  -------------------------------------------------------------------    -------------------

                         (clock sys_clk_pin rise edge)
                                                      0.000     0.000 r  
    W5                                                0.000     0.000 r  clk (IN)
                         net (fo=0)                   0.000     0.000    clk
    W5                   IBUF (Prop_ibuf_I_O)         0.414     0.414 r  clk_IBUF_inst/O
                         net (fo=1, routed)           0.685     1.099    clk_IBUF
    BUFGCTRL_X0Y0        BUFG (Prop_bufg_I_O)         0.029     1.128 r  clk_IBUF_BUFG_inst/O
                         net (fo=82, routed)          0.832     1.959    ticker/CLK
    SLICE_X37Y43         FDCE                                         r  ticker/count_reg[6]/C
                         clock pessimism             -0.249     1.710    
    SLICE_X37Y43         FDCE (Remov_fdce_C_CLR)     -0.092     1.618    ticker/count_reg[6]
  -------------------------------------------------------------------
                         required time                         -1.618    
                         arrival time                           1.995    
  -------------------------------------------------------------------
                         slack                                  0.377    

Slack (MET) :             0.377ns  (arrival time - required time)
  Source:                 rst_db_inst/pbout_reg/C
                            (rising edge-triggered cell FDRE clocked by sys_clk_pin  {rise@0.000ns fall@5.000ns period=10.000ns})
  Destination:            ticker/count_reg[7]/CLR
                            (removal check against rising-edge clock sys_clk_pin  {rise@0.000ns fall@5.000ns period=10.000ns})
  Path Group:             **async_default**
  Path Type:              Removal (Min at Fast Process Corner)
  Requirement:            0.000ns  (sys_clk_pin rise@0.000ns - sys_clk_pin rise@0.000ns)
  Data Path Delay:        0.549ns  (logic 0.141ns (25.668%)  route 0.408ns (74.332%))
  Logic Levels:           0  
  Clock Path Skew:        0.264ns (DCD - SCD - CPR)
    Destination Clock Delay (DCD):    1.959ns
    Source Clock Delay      (SCD):    1.446ns
    Clock Pessimism Removal (CPR):    0.249ns

    Location             Delay type                Incr(ns)  Path(ns)    Netlist Resource(s)
  -------------------------------------------------------------------    -------------------
                         (clock sys_clk_pin rise edge)
                                                      0.000     0.000 r  
    W5                                                0.000     0.000 r  clk (IN)
                         net (fo=0)                   0.000     0.000    clk
    W5                   IBUF (Prop_ibuf_I_O)         0.226     0.226 r  clk_IBUF_inst/O
                         net (fo=1, routed)           0.631     0.858    clk_IBUF
    BUFGCTRL_X0Y0        BUFG (Prop_bufg_I_O)         0.026     0.884 r  clk_IBUF_BUFG_inst/O
                         net (fo=82, routed)          0.563     1.446    rst_db_inst/CLK
    SLICE_X33Y43         FDRE                                         r  rst_db_inst/pbout_reg/C
  -------------------------------------------------------------------    -------------------
    SLICE_X33Y43         FDRE (Prop_fdre_C_Q)         0.141     1.587 f  rst_db_inst/pbout_reg/Q
                         net (fo=94, routed)          0.408     1.995    ticker/rst
    SLICE_X37Y43         FDCE                                         f  ticker/count_reg[7]/CLR
  -------------------------------------------------------------------    -------------------

                         (clock sys_clk_pin rise edge)
                                                      0.000     0.000 r  
    W5                                                0.000     0.000 r  clk (IN)
                         net (fo=0)                   0.000     0.000    clk
    W5                   IBUF (Prop_ibuf_I_O)         0.414     0.414 r  clk_IBUF_inst/O
                         net (fo=1, routed)           0.685     1.099    clk_IBUF
    BUFGCTRL_X0Y0        BUFG (Prop_bufg_I_O)         0.029     1.128 r  clk_IBUF_BUFG_inst/O
                         net (fo=82, routed)          0.832     1.959    ticker/CLK
    SLICE_X37Y43         FDCE                                         r  ticker/count_reg[7]/C
                         clock pessimism             -0.249     1.710    
    SLICE_X37Y43         FDCE (Remov_fdce_C_CLR)     -0.092     1.618    ticker/count_reg[7]
  -------------------------------------------------------------------
                         required time                         -1.618    
                         arrival time                           1.995    
  -------------------------------------------------------------------
                         slack                                  0.377    

Slack (MET) :             0.410ns  (arrival time - required time)
  Source:                 rst_db_inst/pbout_reg/C
                            (rising edge-triggered cell FDRE clocked by sys_clk_pin  {rise@0.000ns fall@5.000ns period=10.000ns})
  Destination:            switch_reader/readData_reg[8]/CLR
                            (removal check against rising-edge clock sys_clk_pin  {rise@0.000ns fall@5.000ns period=10.000ns})
  Path Group:             **async_default**
  Path Type:              Removal (Min at Fast Process Corner)
  Requirement:            0.000ns  (sys_clk_pin rise@0.000ns - sys_clk_pin rise@0.000ns)
  Data Path Delay:        0.351ns  (logic 0.141ns (40.161%)  route 0.210ns (59.839%))
  Logic Levels:           0  
  Clock Path Skew:        0.033ns (DCD - SCD - CPR)
    Destination Clock Delay (DCD):    1.957ns
    Source Clock Delay      (SCD):    1.446ns
    Clock Pessimism Removal (CPR):    0.478ns

    Location             Delay type                Incr(ns)  Path(ns)    Netlist Resource(s)
  -------------------------------------------------------------------    -------------------
                         (clock sys_clk_pin rise edge)
                                                      0.000     0.000 r  
    W5                                                0.000     0.000 r  clk (IN)
                         net (fo=0)                   0.000     0.000    clk
    W5                   IBUF (Prop_ibuf_I_O)         0.226     0.226 r  clk_IBUF_inst/O
                         net (fo=1, routed)           0.631     0.858    clk_IBUF
    BUFGCTRL_X0Y0        BUFG (Prop_bufg_I_O)         0.026     0.884 r  clk_IBUF_BUFG_inst/O
                         net (fo=82, routed)          0.563     1.446    rst_db_inst/CLK
    SLICE_X33Y43         FDRE                                         r  rst_db_inst/pbout_reg/C
  -------------------------------------------------------------------    -------------------
    SLICE_X33Y43         FDRE (Prop_fdre_C_Q)         0.141     1.587 f  rst_db_inst/pbout_reg/Q
                         net (fo=94, routed)          0.210     1.797    switch_reader/rst
    SLICE_X35Y42         FDCE                                         f  switch_reader/readData_reg[8]/CLR
  -------------------------------------------------------------------    -------------------

                         (clock sys_clk_pin rise edge)
                                                      0.000     0.000 r  
    W5                                                0.000     0.000 r  clk (IN)
                         net (fo=0)                   0.000     0.000    clk
    W5                   IBUF (Prop_ibuf_I_O)         0.414     0.414 r  clk_IBUF_inst/O
                         net (fo=1, routed)           0.685     1.099    clk_IBUF
    BUFGCTRL_X0Y0        BUFG (Prop_bufg_I_O)         0.029     1.128 r  clk_IBUF_BUFG_inst/O
                         net (fo=82, routed)          0.830     1.957    switch_reader/CLK
    SLICE_X35Y42         FDCE                                         r  switch_reader/readData_reg[8]/C
                         clock pessimism             -0.478     1.479    
    SLICE_X35Y42         FDCE (Remov_fdce_C_CLR)     -0.092     1.387    switch_reader/readData_reg[8]
  -------------------------------------------------------------------
                         required time                         -1.387    
                         arrival time                           1.797    
  -------------------------------------------------------------------
                         slack                                  0.410    

Slack (MET) :             0.432ns  (arrival time - required time)
  Source:                 rst_db_inst/pbout_reg/C
                            (rising edge-triggered cell FDRE clocked by sys_clk_pin  {rise@0.000ns fall@5.000ns period=10.000ns})
  Destination:            ticker/count_reg[0]/CLR
                            (removal check against rising-edge clock sys_clk_pin  {rise@0.000ns fall@5.000ns period=10.000ns})
  Path Group:             **async_default**
  Path Type:              Removal (Min at Fast Process Corner)
  Requirement:            0.000ns  (sys_clk_pin rise@0.000ns - sys_clk_pin rise@0.000ns)
  Data Path Delay:        0.603ns  (logic 0.141ns (23.396%)  route 0.462ns (76.604%))
  Logic Levels:           0  
  Clock Path Skew:        0.263ns (DCD - SCD - CPR)
    Destination Clock Delay (DCD):    1.958ns
    Source Clock Delay      (SCD):    1.446ns
    Clock Pessimism Removal (CPR):    0.249ns

    Location             Delay type                Incr(ns)  Path(ns)    Netlist Resource(s)
  -------------------------------------------------------------------    -------------------
                         (clock sys_clk_pin rise edge)
                                                      0.000     0.000 r  
    W5                                                0.000     0.000 r  clk (IN)
                         net (fo=0)                   0.000     0.000    clk
    W5                   IBUF (Prop_ibuf_I_O)         0.226     0.226 r  clk_IBUF_inst/O
                         net (fo=1, routed)           0.631     0.858    clk_IBUF
    BUFGCTRL_X0Y0        BUFG (Prop_bufg_I_O)         0.026     0.884 r  clk_IBUF_BUFG_inst/O
                         net (fo=82, routed)          0.563     1.446    rst_db_inst/CLK
    SLICE_X33Y43         FDRE                                         r  rst_db_inst/pbout_reg/C
  -------------------------------------------------------------------    -------------------
    SLICE_X33Y43         FDRE (Prop_fdre_C_Q)         0.141     1.587 f  rst_db_inst/pbout_reg/Q
                         net (fo=94, routed)          0.462     2.049    ticker/rst
    SLICE_X37Y42         FDCE                                         f  ticker/count_reg[0]/CLR
  -------------------------------------------------------------------    -------------------

                         (clock sys_clk_pin rise edge)
                                                      0.000     0.000 r  
    W5                                                0.000     0.000 r  clk (IN)
                         net (fo=0)                   0.000     0.000    clk
    W5                   IBUF (Prop_ibuf_I_O)         0.414     0.414 r  clk_IBUF_inst/O
                         net (fo=1, routed)           0.685     1.099    clk_IBUF
    BUFGCTRL_X0Y0        BUFG (Prop_bufg_I_O)         0.029     1.128 r  clk_IBUF_BUFG_inst/O
                         net (fo=82, routed)          0.831     1.958    ticker/CLK
    SLICE_X37Y42         FDCE                                         r  ticker/count_reg[0]/C
                         clock pessimism             -0.249     1.709    
    SLICE_X37Y42         FDCE (Remov_fdce_C_CLR)     -0.092     1.617    ticker/count_reg[0]
  -------------------------------------------------------------------
                         required time                         -1.617    
                         arrival time                           2.049    
  -------------------------------------------------------------------
                         slack                                  0.432    

Slack (MET) :             0.432ns  (arrival time - required time)
  Source:                 rst_db_inst/pbout_reg/C
                            (rising edge-triggered cell FDRE clocked by sys_clk_pin  {rise@0.000ns fall@5.000ns period=10.000ns})
  Destination:            ticker/count_reg[1]/CLR
                            (removal check against rising-edge clock sys_clk_pin  {rise@0.000ns fall@5.000ns period=10.000ns})
  Path Group:             **async_default**
  Path Type:              Removal (Min at Fast Process Corner)
  Requirement:            0.000ns  (sys_clk_pin rise@0.000ns - sys_clk_pin rise@0.000ns)
  Data Path Delay:        0.603ns  (logic 0.141ns (23.396%)  route 0.462ns (76.604%))
  Logic Levels:           0  
  Clock Path Skew:        0.263ns (DCD - SCD - CPR)
    Destination Clock Delay (DCD):    1.958ns
    Source Clock Delay      (SCD):    1.446ns
    Clock Pessimism Removal (CPR):    0.249ns

    Location             Delay type                Incr(ns)  Path(ns)    Netlist Resource(s)
  -------------------------------------------------------------------    -------------------
                         (clock sys_clk_pin rise edge)
                                                      0.000     0.000 r  
    W5                                                0.000     0.000 r  clk (IN)
                         net (fo=0)                   0.000     0.000    clk
    W5                   IBUF (Prop_ibuf_I_O)         0.226     0.226 r  clk_IBUF_inst/O
                         net (fo=1, routed)           0.631     0.858    clk_IBUF
    BUFGCTRL_X0Y0        BUFG (Prop_bufg_I_O)         0.026     0.884 r  clk_IBUF_BUFG_inst/O
                         net (fo=82, routed)          0.563     1.446    rst_db_inst/CLK
    SLICE_X33Y43         FDRE                                         r  rst_db_inst/pbout_reg/C
  -------------------------------------------------------------------    -------------------
    SLICE_X33Y43         FDRE (Prop_fdre_C_Q)         0.141     1.587 f  rst_db_inst/pbout_reg/Q
                         net (fo=94, routed)          0.462     2.049    ticker/rst
    SLICE_X37Y42         FDCE                                         f  ticker/count_reg[1]/CLR
  -------------------------------------------------------------------    -------------------

                         (clock sys_clk_pin rise edge)
                                                      0.000     0.000 r  
    W5                                                0.000     0.000 r  clk (IN)
                         net (fo=0)                   0.000     0.000    clk
    W5                   IBUF (Prop_ibuf_I_O)         0.414     0.414 r  clk_IBUF_inst/O
                         net (fo=1, routed)           0.685     1.099    clk_IBUF
    BUFGCTRL_X0Y0        BUFG (Prop_bufg_I_O)         0.029     1.128 r  clk_IBUF_BUFG_inst/O
                         net (fo=82, routed)          0.831     1.958    ticker/CLK
    SLICE_X37Y42         FDCE                                         r  ticker/count_reg[1]/C
                         clock pessimism             -0.249     1.709    
    SLICE_X37Y42         FDCE (Remov_fdce_C_CLR)     -0.092     1.617    ticker/count_reg[1]
  -------------------------------------------------------------------
                         required time                         -1.617    
                         arrival time                           2.049    
  -------------------------------------------------------------------
                         slack                                  0.432    

Slack (MET) :             0.432ns  (arrival time - required time)
  Source:                 rst_db_inst/pbout_reg/C
                            (rising edge-triggered cell FDRE clocked by sys_clk_pin  {rise@0.000ns fall@5.000ns period=10.000ns})
  Destination:            ticker/count_reg[2]/CLR
                            (removal check against rising-edge clock sys_clk_pin  {rise@0.000ns fall@5.000ns period=10.000ns})
  Path Group:             **async_default**
  Path Type:              Removal (Min at Fast Process Corner)
  Requirement:            0.000ns  (sys_clk_pin rise@0.000ns - sys_clk_pin rise@0.000ns)
  Data Path Delay:        0.603ns  (logic 0.141ns (23.396%)  route 0.462ns (76.604%))
  Logic Levels:           0  
  Clock Path Skew:        0.263ns (DCD - SCD - CPR)
    Destination Clock Delay (DCD):    1.958ns
    Source Clock Delay      (SCD):    1.446ns
    Clock Pessimism Removal (CPR):    0.249ns

    Location             Delay type                Incr(ns)  Path(ns)    Netlist Resource(s)
  -------------------------------------------------------------------    -------------------
                         (clock sys_clk_pin rise edge)
                                                      0.000     0.000 r  
    W5                                                0.000     0.000 r  clk (IN)
                         net (fo=0)                   0.000     0.000    clk
    W5                   IBUF (Prop_ibuf_I_O)         0.226     0.226 r  clk_IBUF_inst/O
                         net (fo=1, routed)           0.631     0.858    clk_IBUF
    BUFGCTRL_X0Y0        BUFG (Prop_bufg_I_O)         0.026     0.884 r  clk_IBUF_BUFG_inst/O
                         net (fo=82, routed)          0.563     1.446    rst_db_inst/CLK
    SLICE_X33Y43         FDRE                                         r  rst_db_inst/pbout_reg/C
  -------------------------------------------------------------------    -------------------
    SLICE_X33Y43         FDRE (Prop_fdre_C_Q)         0.141     1.587 f  rst_db_inst/pbout_reg/Q
                         net (fo=94, routed)          0.462     2.049    ticker/rst
    SLICE_X37Y42         FDCE                                         f  ticker/count_reg[2]/CLR
  -------------------------------------------------------------------    -------------------

                         (clock sys_clk_pin rise edge)
                                                      0.000     0.000 r  
    W5                                                0.000     0.000 r  clk (IN)
                         net (fo=0)                   0.000     0.000    clk
    W5                   IBUF (Prop_ibuf_I_O)         0.414     0.414 r  clk_IBUF_inst/O
                         net (fo=1, routed)           0.685     1.099    clk_IBUF
    BUFGCTRL_X0Y0        BUFG (Prop_bufg_I_O)         0.029     1.128 r  clk_IBUF_BUFG_inst/O
                         net (fo=82, routed)          0.831     1.958    ticker/CLK
    SLICE_X37Y42         FDCE                                         r  ticker/count_reg[2]/C
                         clock pessimism             -0.249     1.709    
    SLICE_X37Y42         FDCE (Remov_fdce_C_CLR)     -0.092     1.617    ticker/count_reg[2]
  -------------------------------------------------------------------
                         required time                         -1.617    
                         arrival time                           2.049    
  -------------------------------------------------------------------
                         slack                                  0.432    

Slack (MET) :             0.432ns  (arrival time - required time)
  Source:                 rst_db_inst/pbout_reg/C
                            (rising edge-triggered cell FDRE clocked by sys_clk_pin  {rise@0.000ns fall@5.000ns period=10.000ns})
  Destination:            ticker/count_reg[3]/CLR
                            (removal check against rising-edge clock sys_clk_pin  {rise@0.000ns fall@5.000ns period=10.000ns})
  Path Group:             **async_default**
  Path Type:              Removal (Min at Fast Process Corner)
  Requirement:            0.000ns  (sys_clk_pin rise@0.000ns - sys_clk_pin rise@0.000ns)
  Data Path Delay:        0.603ns  (logic 0.141ns (23.396%)  route 0.462ns (76.604%))
  Logic Levels:           0  
  Clock Path Skew:        0.263ns (DCD - SCD - CPR)
    Destination Clock Delay (DCD):    1.958ns
    Source Clock Delay      (SCD):    1.446ns
    Clock Pessimism Removal (CPR):    0.249ns

    Location             Delay type                Incr(ns)  Path(ns)    Netlist Resource(s)
  -------------------------------------------------------------------    -------------------
                         (clock sys_clk_pin rise edge)
                                                      0.000     0.000 r  
    W5                                                0.000     0.000 r  clk (IN)
                         net (fo=0)                   0.000     0.000    clk
    W5                   IBUF (Prop_ibuf_I_O)         0.226     0.226 r  clk_IBUF_inst/O
                         net (fo=1, routed)           0.631     0.858    clk_IBUF
    BUFGCTRL_X0Y0        BUFG (Prop_bufg_I_O)         0.026     0.884 r  clk_IBUF_BUFG_inst/O
                         net (fo=82, routed)          0.563     1.446    rst_db_inst/CLK
    SLICE_X33Y43         FDRE                                         r  rst_db_inst/pbout_reg/C
  -------------------------------------------------------------------    -------------------
    SLICE_X33Y43         FDRE (Prop_fdre_C_Q)         0.141     1.587 f  rst_db_inst/pbout_reg/Q
                         net (fo=94, routed)          0.462     2.049    ticker/rst
    SLICE_X37Y42         FDCE                                         f  ticker/count_reg[3]/CLR
  -------------------------------------------------------------------    -------------------

                         (clock sys_clk_pin rise edge)
                                                      0.000     0.000 r  
    W5                                                0.000     0.000 r  clk (IN)
                         net (fo=0)                   0.000     0.000    clk
    W5                   IBUF (Prop_ibuf_I_O)         0.414     0.414 r  clk_IBUF_inst/O
                         net (fo=1, routed)           0.685     1.099    clk_IBUF
    BUFGCTRL_X0Y0        BUFG (Prop_bufg_I_O)         0.029     1.128 r  clk_IBUF_BUFG_inst/O
                         net (fo=82, routed)          0.831     1.958    ticker/CLK
    SLICE_X37Y42         FDCE                                         r  ticker/count_reg[3]/C
                         clock pessimism             -0.249     1.709    
    SLICE_X37Y42         FDCE (Remov_fdce_C_CLR)     -0.092     1.617    ticker/count_reg[3]
  -------------------------------------------------------------------
                         required time                         -1.617    
                         arrival time                           2.049    
  -------------------------------------------------------------------
                         slack                                  0.432    

Slack (MET) :             0.441ns  (arrival time - required time)
  Source:                 rst_db_inst/pbout_reg/C
                            (rising edge-triggered cell FDRE clocked by sys_clk_pin  {rise@0.000ns fall@5.000ns period=10.000ns})
  Destination:            ticker/count_reg[10]/CLR
                            (removal check against rising-edge clock sys_clk_pin  {rise@0.000ns fall@5.000ns period=10.000ns})
  Path Group:             **async_default**
  Path Type:              Removal (Min at Fast Process Corner)
  Requirement:            0.000ns  (sys_clk_pin rise@0.000ns - sys_clk_pin rise@0.000ns)
  Data Path Delay:        0.613ns  (logic 0.141ns (23.017%)  route 0.472ns (76.983%))
  Logic Levels:           0  
  Clock Path Skew:        0.264ns (DCD - SCD - CPR)
    Destination Clock Delay (DCD):    1.959ns
    Source Clock Delay      (SCD):    1.446ns
    Clock Pessimism Removal (CPR):    0.249ns

    Location             Delay type                Incr(ns)  Path(ns)    Netlist Resource(s)
  -------------------------------------------------------------------    -------------------
                         (clock sys_clk_pin rise edge)
                                                      0.000     0.000 r  
    W5                                                0.000     0.000 r  clk (IN)
                         net (fo=0)                   0.000     0.000    clk
    W5                   IBUF (Prop_ibuf_I_O)         0.226     0.226 r  clk_IBUF_inst/O
                         net (fo=1, routed)           0.631     0.858    clk_IBUF
    BUFGCTRL_X0Y0        BUFG (Prop_bufg_I_O)         0.026     0.884 r  clk_IBUF_BUFG_inst/O
                         net (fo=82, routed)          0.563     1.446    rst_db_inst/CLK
    SLICE_X33Y43         FDRE                                         r  rst_db_inst/pbout_reg/C
  -------------------------------------------------------------------    -------------------
    SLICE_X33Y43         FDRE (Prop_fdre_C_Q)         0.141     1.587 f  rst_db_inst/pbout_reg/Q
                         net (fo=94, routed)          0.472     2.059    ticker/rst
    SLICE_X37Y44         FDCE                                         f  ticker/count_reg[10]/CLR
  -------------------------------------------------------------------    -------------------

                         (clock sys_clk_pin rise edge)
                                                      0.000     0.000 r  
    W5                                                0.000     0.000 r  clk (IN)
                         net (fo=0)                   0.000     0.000    clk
    W5                   IBUF (Prop_ibuf_I_O)         0.414     0.414 r  clk_IBUF_inst/O
                         net (fo=1, routed)           0.685     1.099    clk_IBUF
    BUFGCTRL_X0Y0        BUFG (Prop_bufg_I_O)         0.029     1.128 r  clk_IBUF_BUFG_inst/O
                         net (fo=82, routed)          0.832     1.959    ticker/CLK
    SLICE_X37Y44         FDCE                                         r  ticker/count_reg[10]/C
                         clock pessimism             -0.249     1.710    
    SLICE_X37Y44         FDCE (Remov_fdce_C_CLR)     -0.092     1.618    ticker/count_reg[10]
  -------------------------------------------------------------------
                         required time                         -1.618    
                         arrival time                           2.059    
  -------------------------------------------------------------------
                         slack                                  0.441    





